SESSION_GUID,M_CURRENTLAPNUM,x_turn1,y_turn1,z_turn1,Speed_turn1,Throttle_turn1,Brake_turn1,Steer_turn1,Gear_turn1,OffTrack_turn1,x_turn2,y_turn2,z_turn2,Speed_turn2,Throttle_turn2,Brake_turn2,Steer_turn2,Gear_turn2,OffTrack_turn2,x_mid,y_mid,z_mid,Speed_mid,Throttle_mid,Brake_mid,Steer_mid,Gear_mid,OffTrack_mid,x_brake,y_brake,z_brake,Speed_brake,Throttle_brake,Brake_brake,Steer_brake,Gear_brake,OffTrack_brake
1BF21BECE1C29DBFE0631718000AACA5,1,377.6909379571084,191.3351008553331,2.3266504642133423,161.0,0.8684374310688792,0.0,0.3550520974634895,4,False,366.1691807687292,89.42430890420681,2.8146314147811995,206.0,1.0,0.0,-0.1813034296791411,5,False,367.95481870755975,140.06114087287753,2.6080824428986276,186.0,1.0,0.0,-0.1104806700211545,4,False,344.72094366038647,245.57464759786987,2.2686380168183073,209.0,0.0,1.0,0.0307911110856704,5,False
1BF21BECE1C29DBFE0631718000AACA5,2,376.87158441668015,191.27691844372745,2.30369729158433,159.0,1.0,0.0,0.321223774281617,4,False,369.38441768502634,90.2062241090547,2.707094685369864,215.0,1.0,0.0,-0.1010641927186521,5,False,368.38579871648545,139.97648635335085,2.599580323308291,189.0,1.0,0.0,-0.0464310995118294,5,False,344.505766963535,245.35241857405964,2.2691022158649887,213.0,0.0,0.1470024544872577,0.020931172589389,6,False
1BFBC46846891C71E0631718000A65FB,1,377.6909379571084,191.3351008553331,2.3266504642133423,161.0,0.8684374310688792,0.0,0.3550520974634895,4,False,366.1691807687292,89.42430890420681,2.8146314147811995,206.0,1.0,0.0,-0.1813034296791411,5,False,367.95481870755975,140.06114087287753,2.6080824428986276,186.0,1.0,0.0,-0.1104806700211545,4,False,344.72094366038647,245.57464759786987,2.2686380168183073,209.0,0.0,1.0,0.0307911110856704,5,False
21198A4F132E1402E0631218000AC59A,1,378.3274072753384,191.39346633157848,2.3351829732101987,165.0,1.0,0.0,0.4017742753662158,4,False,368.4932362372373,89.99015484365815,2.729430898605299,207.0,1.0,0.0,-0.151473606751586,5,False,369.96246816070743,139.6575335398129,2.5623721039563256,187.0,1.0,0.0,-0.0720225636501709,4,False,344.59047253604007,245.43984363945637,2.262504300649141,234.0,0.0,1.0,0.0145296615287764,6,False
21198A4F132E1402E0631218000AC59A,2,377.6113503571072,191.30714999237236,2.317561470831063,171.0,1.0,0.0,0.3559815648396213,4,False,367.66329491969344,89.78701324338935,2.755844108812408,213.0,1.0,0.0,-0.2484151768887749,5,False,370.0600206627545,139.6373515577917,2.559533809400668,189.0,1.0,0.0,-0.1551769002823861,5,False,344.23419293086556,245.071799279493,2.2679204374050568,219.0,0.0,1.0,0.0,6,False
211B5DC56375BBD0E0631218000AAA6D,1,375.4107859795668,191.73220882688716,2.289019129924892,165.0,0.1000000238418579,0.1975396892008221,0.1451029969577409,4,False,367.6663275486716,89.78740117847167,2.755805459164508,213.0,1.0,0.0,-0.1234244543595008,5,False,369.22740378491494,139.80648586755703,2.5749327511234172,187.0,1.0,0.0,-0.0191488604885994,4,False,344.2843506233593,245.1234625016852,2.2694500999830898,212.0,0.0,1.0,0.0241182204738172,6,False
211B5DC56375BBD0E0631218000AAA6D,2,378.9375744718609,191.42470034279853,2.3554416850382607,153.0,0.584704866091021,1.0,0.341936637069722,4,False,370.38066696806897,90.4498201321041,2.6790202182308582,191.0,1.0,0.0,-0.0978828402156682,5,False,371.386221843362,139.30720488552316,2.5586346860003064,170.0,1.0,0.0,-0.180364045118829,4,True,344.684792914107,245.53741903053495,2.264240027181031,225.0,0.0,1.0,0.0742816328746546,6,False
211C109D003DE77BE0631218000A20E7,1,379.59966321241217,191.46989145296337,2.3755556872331844,157.0,0.98857774765291,0.0,0.426378049639425,4,False,369.04255150898007,90.12437666836125,2.7168654921810385,194.0,1.0,0.0,-0.1428906009572085,5,False,369.17114058279543,139.8167823829522,2.5790170871819105,171.0,1.0,0.0,-0.1621295202986637,4,False,343.8322154963321,244.65611859883288,2.267981276549998,229.0,0.0,1.0,0.0,6,False
211C109D003DE77BE0631218000A20E7,2,377.6243331160593,191.30696584940043,2.315376767457873,179.0,0.7363588818541666,0.0,0.3497747918834812,5,False,366.70193602759895,89.55326027122837,2.7898441862694874,214.0,1.0,0.0,-0.2669578737935246,5,False,370.2637350050159,139.59594808672577,2.553232394402995,193.0,1.0,0.0,-0.1634942880166979,5,False,344.1787643673292,245.0142651867791,2.2680423327424926,221.0,0.0,1.0,0.0038879191596942,6,False
211C82236DA74918E0631218000A8592,1,379.60801819276503,191.438108252216,2.3742966885454146,160.0,1.0,0.0,0.4003128433365531,4,False,369.1311171601079,90.14457578708813,2.7128601220444675,203.0,1.0,0.0,-0.1105106463121389,5,False,370.17296124287174,139.61407970002494,2.5582356050275625,175.0,1.0,0.0,-0.1637337802692349,4,False,344.2670366474835,245.10556109055833,2.2628361562708865,238.0,0.0,1.0,0.0,6,False
211C82236DA74918E0631218000A8592,2,379.17456197614575,191.44281838277269,2.366202834783589,167.0,0.9488291413703382,0.0,0.382194843120608,4,False,369.19330743137954,90.16000996958542,2.712162804344642,203.0,1.0,0.0,-0.0759318402461838,5,False,371.36124115980726,139.27504277726183,2.551479537290724,184.0,1.0,0.0,-0.1302850930625397,4,True,343.8586457814157,244.68352636101108,2.269484614516713,222.0,0.0,1.0,0.0,6,False
211C82236DA74918E0631218000A8592,3,376.22633563248223,191.274402812599,2.3061703396213784,179.0,0.1052779838558514,0.1880128915334077,0.3884672053781843,5,False,369.469495020616,90.22763185345144,2.698796802227676,220.0,1.0,0.0,-0.1974473173365994,5,False,370.6983792763057,139.50837392131174,2.5435622559757682,202.0,1.0,0.0,-0.0087999889451101,5,False,344.59501159968266,245.4448347197248,2.264704402815665,226.0,0.0,1.0,0.0413279353983489,6,False
211D33844084CBB8E0631218000A5F0C,1,375.03001528120814,191.626741305554,2.278716986434672,171.0,0.1000000238418579,0.195124477148056,0.3988831094709498,4,True,368.43831467238965,89.97702425385177,2.7312341819830426,209.0,1.0,0.0,-0.0261270467589123,5,False,368.23456017394,140.007395396511,2.59501760300932,183.0,1.0,0.0,-2.32024e-10,4,False,344.4247870075579,245.2685996676376,2.2637720092725595,232.0,0.0,1.0,0.0567025775750695,6,False
211D33844084CBB8E0631218000A5F0C,2,374.4187668148516,191.53018241940123,2.2865367247299715,169.0,0.1000000238418579,0.195124477148056,0.2272891158423063,4,True,368.604490232882,90.0159079702406,2.724312554151635,213.0,1.0,0.0,-0.13642775535219,5,False,369.3012786376997,139.7914321051856,2.573668530448915,187.0,1.0,0.0,-0.0056147810301733,4,False,344.86067701365846,245.71932018085252,2.2634250709455306,225.0,0.0,1.0,0.0485759178410802,6,False
211D33844084CBB8E0631218000A5F0C,3,376.9053314638809,191.27864554678328,2.2990126206841266,171.0,1.0,0.0,0.3646029443808004,4,False,369.48837007026503,90.23178028270588,2.699174497197127,207.0,1.0,0.0,-0.0681609412983289,5,False,370.11119978669257,139.62646888349494,2.561133535430975,183.0,1.0,0.0,-0.1942743383136354,4,False,343.7622467753275,244.5836636062156,2.276473009136892,193.0,0.0,1.0,0.0210994052105454,5,False
211D56EB09F3D3F8E0631218000A5C63,1,377.53685686984346,191.31086974221523,2.3166591823607376,158.0,1.0,0.0,0.3533948537478032,4,False,369.526570848931,90.24084524092818,2.6997818574323778,208.0,1.0,0.0,-0.1101755631726974,5,False,370.50216974915986,139.548066688689,2.5505579910733616,183.0,1.0,0.0,-0.1265475340879843,4,False,344.1408671123267,244.9751409273659,2.270585642974013,209.0,0.0,1.0,0.0952336304584639,5,False
211D56EB09F3D3F8E0631218000A5C63,2,378.5372448924393,191.39900072282768,2.342757795367352,165.0,1.0,0.0,0.3379503935077118,4,False,369.0884272819405,90.13511104678905,2.7146960790889736,191.0,1.0,0.0,-0.1011503428985455,5,False,371.64923872848453,139.12611275513095,2.5420676856286426,179.0,1.0,0.0,-0.1284642914781369,4,True,343.7627500236319,244.5841354078879,2.2731521775223564,207.0,0.0,1.0,0.0216172319051607,5,False
211D56EB09F3D3F8E0631218000A5C63,3,374.74242543104305,191.55877934937115,2.293786748096484,163.0,0.1000000238418579,0.1977191687587384,0.3263212416044059,4,True,368.534394217908,89.9992782849859,2.728752117563405,207.0,1.0,0.0,-0.0706123275824474,5,False,369.4638458648285,139.75847419356592,2.5720762409394218,180.0,1.0,0.0,-0.0442894970676783,4,False,343.6839141739739,244.5033487478892,2.2748798142704696,202.0,0.0,1.0,0.0231194490146461,5,False
211D56EB09F3D3F8E0631218000A5C63,4,381.86819509607585,191.59662716630575,2.445641360997002,132.0,0.0,0.8864734299516908,0.3776485321746356,3,False,367.0365741427396,89.6362790804629,2.786959725796928,182.0,1.0,0.0,-0.2175351128993632,5,False,370.38556346105287,139.571370291318,2.555962347655972,150.0,1.0,0.0,-0.1586216334824506,4,False,344.6578849880056,245.50996183592432,2.268129500885576,209.0,0.0,1.0,0.0879590624816348,5,False
211D57789BB3E672E0631218000A3153,1,378.3393951949468,191.39030645729216,2.334885614859696,179.0,0.6943554039908756,0.0,0.355666419500127,5,False,367.5753578752369,89.76773434663725,2.773810480701398,143.0,1.0,0.0,-2.464752e-10,4,False,373.39940378483453,138.407113854442,2.5430718613737806,157.0,0.0,0.0,-0.0331599749384135,4,True,342.86639836786026,243.65789381655165,2.275514829697748,216.0,0.0,1.0,0.0,6,False
211D57789BB3E672E0631218000A3153,2,376.3118033364981,191.7881194210956,2.300806917007564,175.0,0.4876650411306637,0.0,0.3832997420404544,5,False,369.5042380681113,90.23602399876509,2.696010869646829,218.0,1.0,0.0,-0.0687385737186386,5,False,371.0373502193013,139.44009126745803,2.547077427342378,199.0,1.0,0.0,-0.0040404722483938,5,True,344.1867628960786,245.02258389271927,2.2652139957787325,231.0,0.0,1.0,0.0171681331003661,6,False
211D57789BB3E672E0631218000A3153,3,375.3651167023901,191.72250562249368,2.287495246687452,172.0,0.1000000238418579,0.195124477148056,0.2454030158458289,4,False,368.9554594734325,90.101398032572,2.714135986822398,215.0,1.0,0.0,-0.1926961813139801,5,False,369.2000449819551,139.81201742723013,2.577389480209622,189.0,1.0,0.0,-0.0604974084625161,5,False,344.154445822602,244.98949315138967,2.272338732119154,202.0,0.0,1.0,0.0433254141261914,5,False
211D57789BB3E672E0631218000A3153,4,376.7653537110706,191.2626133476372,2.2993228620748414,176.0,1.0,0.0,0.2441144892636996,4,False,368.71479006476153,90.04317099159641,2.73457891725239,164.0,1.0,0.0,-0.2149203724170985,4,False,374.9708291930455,138.7414395869096,2.541019283354237,169.0,0.0,0.0,-8.07822e-11,4,True,344.143815859375,244.9775642041016,2.269305280838013,216.0,0.0,1.0,0.0604374496126174,6,False
211D57789BB3E672E0631218000A3153,5,376.1452918806954,191.2643484039517,2.3038237563845545,173.0,0.1048976410315267,0.1974570124261918,0.3568332420200013,5,False,368.4508874534736,89.98041117228777,2.729981265676464,217.0,1.0,0.0,-0.1299344279401187,5,False,369.38155909652806,139.77372772587455,2.5695623434506927,199.0,1.0,0.0,-0.1065421090354481,5,False,344.2781703135041,245.11613611451764,2.2684353101222863,217.0,0.0,1.0,0.019754180044551,6,False
211D57789BB3E672E0631218000A3153,6,375.7499190046981,191.72098198968007,2.295596224552876,174.0,0.1000000238418579,0.1985415722872759,0.370720924235679,5,False,368.96672349803447,90.1040046764097,2.714339844736767,215.0,1.0,0.0,-0.0844355495805243,5,False,369.8056659926349,139.68871706803753,2.5635172833210134,191.0,1.0,0.0,-0.0726147560312432,5,False,343.84740903455605,244.67125657703772,2.269385874121255,223.0,0.0,1.0,0.0236010752707457,6,False
211E9E97957129FFE0631218000A92DC,1,377.8628554760711,191.33721076808888,2.325385418104393,173.0,0.6758878624709795,0.0,0.4371500047155786,5,False,368.0032148703866,89.8699919658656,2.7450455938874594,213.0,1.0,0.0,-0.1757923957082261,5,False,370.2572341892797,139.59801956257883,2.5535066430056115,189.0,1.0,0.0,-0.0464087744806686,5,False,344.44081079497585,245.28517023005816,2.2625934022277288,236.0,0.0,1.0,0.0100131846469438,6,False
211E9E97957129FFE0631218000A92DC,2,375.30965700620015,191.7196190563673,2.2850270687259155,175.0,0.1000000238418579,0.195124477148056,0.2812816305557297,5,False,369.6911497401241,90.2813112886245,2.6939731754281246,214.0,1.0,0.0,-0.1402621468379704,5,False,369.4010370069934,139.77125982469127,2.5727709208765335,188.0,1.0,0.0,-0.0546123756155852,5,False,344.3418052343366,245.18309228312972,2.2626904930908016,237.0,0.0,1.0,0.0626835154589996,6,False
211F1AF19C8D82E9E0631218000A3A5B,1,367.78624336534045,191.40012445898304,2.2510463327922223,198.0,0.1000000238418579,0.195124477148056,0.2928611746850844,5,True,367.8825256425006,89.84123442600976,2.745023494697018,220.0,1.0,0.0,-0.1231662047894729,5,False,368.16821605873093,140.02083350138437,2.596535636948766,195.0,1.0,0.0,0.0,5,False,343.0146922924094,243.81118690053552,2.2615372393474886,258.0,0.1000000238418579,0.6781671384964386,0.1627027798667392,7,False
211F7396F36ABA53E0631218000A9E99,1,378.08932643247385,191.3389692660004,2.328668431667384,176.0,1.0,0.0,0.4436694276941154,5,False,367.1613268648457,89.66370868988528,2.771972601230328,213.0,1.0,0.0,-0.2035991861484943,5,False,371.22594180593046,139.40106981817675,2.5578978033423985,189.0,1.0,0.0,-0.1706338826672595,5,True,343.91791684246846,244.74469597895248,2.2632995400756,244.0,0.0,1.0,0.0070547353853992,6,False
211F7396F36ABA53E0631218000A9E99,2,377.236054348738,191.3156917871036,2.306789118150634,165.0,1.0,0.0,0.3400781753982519,4,False,369.21144527614865,90.16443535581521,2.7082908490587414,212.0,1.0,0.0,-0.1831406941694057,5,False,369.71806282776816,139.7067056859483,2.564742361429329,189.0,1.0,0.0,-0.043720078780709,4,False,343.71024390164695,244.5303570225652,2.274316070756353,204.0,0.0,1.0,0.0,5,False
211F7396F36ABA53E0631218000A9E99,3,374.9675509039018,191.63453728227967,2.283712124957032,168.0,0.1000000238418579,0.1984676625187693,0.2782338041074222,4,True,369.6010331661727,90.25955742408576,2.6960329155237623,207.0,1.0,0.0,-0.0283256504001493,5,False,369.4829950830856,139.7547161813222,2.571065394778568,181.0,1.0,0.0,-0.0575678786521666,4,False,343.73581569375494,244.55690214538103,2.267368271146753,231.0,0.0,1.0,0.0361190720027796,6,False
211F74981597D869E0631218000A3CD3,1,378.658878322424,191.38337153431524,2.352102701676446,146.0,0.5728361229074294,0.0,0.411948675788634,4,False,367.61627192970593,89.7770537144615,2.7642673251685865,190.0,0.8022105034503416,0.0,-0.330775354451195,5,False,369.4545105163568,139.7602611752376,2.5716799582584597,173.0,0.881606874666379,0.0,-0.0105085907977663,4,False,343.1880251597832,243.99033035316464,2.274717360771268,214.0,0.0,1.0,0.0041202817887497,6,False
211F74981597D869E0631218000A3CD3,2,375.184469261705,191.62925473241464,2.2819982043666514,179.0,1.0,0.0,0.1347502045472865,4,True,371.1626925895438,90.6382909605344,2.6654380497403367,188.0,1.0,0.0,-0.0230748978607247,5,False,373.18522985692096,138.49575121211575,2.541260826064671,172.0,0.0,0.0,-0.1312542307315994,4,True,343.95174619497465,244.77985334448897,2.276299081521134,189.0,0.0,0.5864873716564595,0.0164296978341057,5,False
21210BD3721D40EBE0631218000A96F7,1,376.69568911871613,191.2667089273492,2.3001181023685926,177.0,0.8816660442779037,0.0,0.3962919400709656,5,False,367.7360487085917,89.80461461765955,2.7539901416004886,217.0,1.0,0.0,-0.0942398171811885,5,False,369.3006141896933,139.79157050186953,2.5719919042544053,195.0,1.0,0.0,-0.1404706164452555,5,False,343.95351766320783,244.78152124929565,2.2669644941225764,230.0,0.0,1.0,0.0101156426656768,6,False
21210BD3721D40EBE0631218000A96F7,2,378.473405131436,191.3894953390771,2.3411212107226476,171.0,1.0,0.0,0.3429730903732189,4,False,369.41522658511576,90.21484306902317,2.70077002159688,211.0,1.0,0.0,-0.0716697713842477,5,False,370.5401153618181,139.54007572926264,2.550694366533991,189.0,1.0,0.0,-0.1404571677020318,5,False,344.367849509272,245.20952277028744,2.267396683426937,219.0,0.0,1.0,0.0,6,False
21210BD3721D40EBE0631218000A96F7,3,376.5193304668716,191.79472840583455,2.292604087597233,176.0,0.7644017285644916,0.0,0.3960832565555049,5,False,367.23540569214623,89.68387756496911,2.769673924590696,212.0,1.0,0.0,-0.1787952118746652,5,False,368.6447092946552,139.92303022339652,2.5880582042895868,189.0,1.0,0.0,-0.0867033390497377,5,False,343.9230912294539,244.75032861529755,2.2728634067674545,206.0,0.0,0.9503633887478176,0.0011030989458703,5,False
21210BE84D65411EE0631218000A7965,1,377.72351426322626,191.3549553587268,2.3176946446097646,181.0,0.7317378741236317,0.0,0.3339183590381983,5,False,368.7498146889404,90.0526821407299,2.7223561494385846,214.0,1.0,0.0,-0.1203273012115539,5,False,371.02198237702345,139.442008937138,2.5516092981858556,192.0,1.0,0.0,-0.1760414335041308,5,True,344.2428976855964,245.0805867738393,2.2676108669218302,221.0,0.0,0.9444554488241697,0.0083815902650517,6,False
21210BE84D65411EE0631218000A7965,2,375.9275070906775,191.77391659554772,2.2992464912150674,179.0,0.4829048248534882,0.0687705071687104,0.3319589579419867,5,False,369.10361639095254,90.13850885705102,2.7108818366557736,215.0,1.0,0.0,-0.1226527193773396,5,False,369.43868830342853,139.76237355153435,2.571030994723945,195.0,1.0,0.0,-0.1084203341202399,5,False,343.86963986905926,244.6949351745188,2.268769606216269,224.0,0.0,1.0,0.0192511022363536,6,False
21210BE84D65411EE0631218000A7965,3,376.3042630592329,191.7813286424412,2.2991000547354767,182.0,0.585034047227707,0.0,0.3613299888295763,5,False,368.070277420932,89.88751516392622,2.742661956126097,207.0,1.0,0.0,-0.223241958225136,5,False,369.44661263593014,139.76052090053645,2.5714781605487826,193.0,1.0,0.0,-0.1212158353122069,5,False,343.7791340040124,244.60119927447772,2.2709596493969797,217.0,0.0,1.0,0.0230171334747548,6,False
21210D2271775E99E0631218000ADC94,1,380.6315354361929,191.52283320448797,2.4100032693693128,129.0,0.1351201222052492,0.0,0.4078894926224991,3,False,368.87545127752344,90.08232495623521,2.7205107828762314,198.0,1.0,0.0,-0.1109335079855611,5,False,370.41066043267847,139.56614786391228,2.5537704330985207,165.0,1.0,0.0,-0.0844183964465556,4,False,343.9908054753821,244.8200534300432,2.2651193969577825,236.0,0.0,1.0,0.025500654355273,6,False
21210D2271775E99E0631218000ADC94,2,379.5774667331483,191.44960920491704,2.378095121718321,138.0,1.0,0.0,0.4168487106977517,3,False,368.4039719805754,89.96831672053075,2.734193152049677,197.0,1.0,0.0,-0.0848874075908507,5,False,369.81049411919463,139.6880473361653,2.5673278218052187,167.0,1.0,0.0,-0.025522151375536,4,False,343.4424285978721,244.25321928481853,2.26744665379157,237.0,0.0,1.0,0.0,6,False
21210D2279275E99E0631218000ADC94,1,377.01590325885536,191.3154034326338,2.2982874438579453,176.0,0.2362501093479797,0.0,0.3704061789335417,5,False,368.8439501595072,90.07501511152877,2.7173473876884695,216.0,1.0,0.0,-0.1871276431285203,5,False,370.28032562168545,139.5927252278655,2.5536026456009417,193.0,1.0,0.0,-0.0706493701970225,5,False,343.7667389714905,244.58846765655233,2.2702579094403297,220.0,0.0,1.0,0.0,6,False
21210D2279275E99E0631218000ADC94,2,380.82753480493665,191.516775116174,2.4088820134374846,157.0,1.0,0.0,0.3906787710411655,4,False,368.4063878403789,89.96923435577597,2.7382173934092915,183.0,1.0,0.0,-0.1652695237702606,5,False,371.1377327377337,139.37262896768257,2.560226433033324,167.0,1.0,0.0,-0.1614480712367218,4,True,343.6379118259116,244.4553582329252,2.2646901988820893,244.0,0.0,1.0,0.0,6,False
21210D2279275E99E0631218000ADC94,3,376.814799632948,191.2835673325552,2.294325165448778,175.0,0.3994941700943634,0.0,0.3721755131472452,5,False,369.18736075807413,90.15827765213815,2.707701385534551,213.0,1.0,0.0,-0.1000934370753297,5,False,369.90712684684706,139.66868139413688,2.5600517279618273,191.0,1.0,0.0,-0.1552826838138011,5,False,343.5563560458881,244.37118077362385,2.2719827052139983,218.0,0.0,1.0,0.0023595454803151,6,False
2123408F2C4B88E5E0631218000A651D,1,377.2951820412741,191.3295382925521,2.3052416332401577,179.0,0.6097857529260099,0.0,0.400718753327737,5,False,368.8826001548314,90.08459619546385,2.717090614048369,217.0,1.0,0.0,-0.1177796444823668,5,False,370.20026935455866,139.60831745435289,2.556014993835343,196.0,1.0,0.0,-0.1079070924704919,5,False,344.4221251591953,245.2658559403125,2.266593597403965,221.0,0.0,1.0,0.0049377503088585,6,False
2123408F2C4B88E5E0631218000A651D,2,374.82734245011545,191.62142818379309,2.285249383041967,164.0,0.1000000238418579,0.1987476331943478,0.3901597944214929,4,True,369.10119228120016,90.13756595425885,2.7126973148110407,206.0,1.0,0.0,-0.1142812134787484,5,False,369.15097759096466,139.82221281356996,2.577704241359076,180.0,1.0,0.0,-0.0105184391969089,4,False,343.11621266340575,243.9159290905242,2.270822716213617,229.0,0.0,1.0,0.0110880924721964,6,False
2123408F2C4B88E5E0631218000A651D,3,377.5605778783652,191.32024105667475,2.3141945889115645,179.0,1.0,0.0,0.3446429607901615,5,False,366.8206547342869,89.58387527010183,2.786032181982181,209.0,1.0,0.0,-0.1952285940036444,5,False,370.1467053470068,139.6186848636838,2.5539570737646766,195.0,1.0,0.0,-0.0834404106623976,5,False,344.0039051009654,244.8339397574049,2.269494586791213,218.0,0.0,1.0,0.0,6,False
2123408F2C4B88E5E0631218000A651D,4,377.9995464456492,191.36818517754983,2.3303366225408113,157.0,1.0,0.0,0.4249171441865294,4,False,367.86724258050685,89.83710368086653,2.749648070602568,209.0,1.0,0.0,-0.0989226726182762,5,False,369.11418327853954,139.82898621365337,2.5773581054698678,184.0,1.0,0.0,-0.0118042373179254,4,False,344.1691743750822,245.0047436093452,2.2675738668352587,224.0,0.0,1.0,0.0,6,False
212340C6225C89A4E0631218000A5657,1,378.4672351452679,191.3598192812385,2.340198457322427,169.0,1.0,0.0,0.415620757354629,4,False,369.8354252294674,90.31668441623212,2.6899475137288897,206.0,1.0,0.0,-0.1671945619559935,5,False,370.4038557910513,139.56709626055218,2.552244026391495,184.0,1.0,0.0,-0.1507318924064204,4,False,343.9152400570577,244.74193854097047,2.264025507957723,242.0,0.0,1.0,0.0027734443636175,6,False
212340C6225C89A4E0631218000A5657,2,379.70845287646256,191.44586805094283,2.3775579535629534,158.0,1.0,0.0,0.4271789587594474,4,False,369.2442567353972,90.17255505922398,2.7077039650452295,207.0,1.0,0.0,-0.204653887881696,5,False,370.5092312509042,139.5467881435818,2.5508043381019876,179.0,1.0,0.0,-0.0783601581360454,4,False,344.29431637198206,245.13385557049648,2.2638314355215385,236.0,0.0,1.0,0.0,6,False
212340C6225C89A4E0631218000A5657,3,378.1670556087061,191.3840913949051,2.3287441015927035,172.0,1.0,0.0,0.3529917430467583,4,False,369.8065019282048,90.30989740545101,2.6907409505981006,212.0,1.0,0.0,-0.1275589276396296,5,False,370.94353033768493,139.45802720990096,2.549343776535569,188.0,1.0,0.0,-0.1376290840694778,5,True,343.5478755827873,244.36200224001837,2.2694788541661977,228.0,0.0,1.0,0.0,6,False
212340C6225C89A4E0631218000A5657,4,377.5349712437522,191.31910580745657,2.31836499816104,149.0,1.0,0.0,0.4359841325954372,4,False,368.469691932696,89.9842605920001,2.7322170432129056,206.0,1.0,0.0,-0.158736824895352,5,False,369.35524648861934,139.7809034237004,2.571620357691976,181.0,1.0,0.0,-0.0209899617948556,4,False,343.9269285356805,244.75352828065107,2.2690966092096585,222.0,0.0,1.0,0.0623219685998748,6,False
2129C22A37945EDFE0631218000A629C,1,378.3756571766032,191.36856033148453,2.3416705057427687,159.0,1.0,0.0,0.427212838886097,4,False,368.2939556628892,89.94197520976249,2.736607849102789,199.0,1.0,0.0,-0.0479685920619979,5,False,367.54511769558184,140.14531376574013,2.6108150165119985,179.0,1.0,0.0,-0.2154782036345825,4,False,344.03919909959063,244.87009829793692,2.2663944383684216,230.0,0.0,1.0,0.0,6,False
2129C22A37945EDFE0631218000A629C,2,376.0458731404233,191.2687561140355,2.3037284657729926,174.0,0.1547705753730774,0.1678761695847228,0.3075238170422678,5,False,369.2926585413276,90.18417525564028,2.702971565900786,217.0,1.0,0.0,-0.1101875665627519,5,False,370.5459095822858,139.53914111857696,2.5470420496885176,196.0,1.0,0.0,-0.0094271976266537,5,False,344.40703211685104,245.25048450679597,2.2663547767464367,222.0,0.0,1.0,0.0388546334240844,6,False
212EDE1C166A7E72E0631218000AE3B4,1,379.14763015139215,191.4246478760032,2.36321514514435,163.0,0.0921741702553549,0.733662646318684,0.4736295062998535,4,False,368.617690641834,90.01955565666132,2.728529517515067,197.0,1.0,0.0,-0.1182847669497707,5,False,370.4534679878215,139.5579617440353,2.553231739932892,167.0,1.0,0.0,-0.0850915013411556,4,False,344.38910160890293,245.2316783336876,2.258892117498773,247.0,0.0979018807411193,0.5002506584353067,0.0225055764459383,7,False
212F4920E1E312BFE0631218000A84D4,2,378.12143852215377,191.37424156293812,2.342964087943445,109.0,0.0,0.2274285805447022,0.2174076338689367,3,False,366.3584902841008,89.47146918789652,2.816310366284649,119.0,0.4111247444625912,0.0,-0.0909478822714878,2,False,367.53025272622136,140.14956936786933,2.6238878595103072,90.0,0.4153251304155289,0.0,-0.0848037533915759,1,False,341.5189668154819,242.26491223542175,2.291179626795435,170.0,0.0,0.2145774364471435,0.0400952478640637,4,False
212F91F4D2505DA4E0631218000AB2B2,2,376.2810759243061,191.78840051036897,2.2977239569068075,243.0,0.0691757755748247,0.4210660639653354,0.3724073842093124,7,False,388.1953496486104,94.15233982275527,2.602927985682913,96.0,0.7062258930596904,0.0,0.4125685784623094,2,True,391.59457517035776,134.0585749819494,2.580205575367864,157.0,0.0,0.90591698884964,1.0,4,True,339.0085990171738,239.67046064816128,2.2439381193489094,280.0,0.0,0.0,0.011522589360008,8,False
212F91F503F15DA4E0631218000AB2B2,2,361.2655289136992,191.0595688948128,2.4676642380178766,189.0,0.7652092685854854,0.0586966363369932,-0.1023418731570326,5,True,368.14066375596514,89.90416551297885,2.743127768233281,200.0,1.0,0.0,-0.0884300761534849,5,False,370.1543302274847,139.61796402679437,2.556381188587744,187.0,1.0,0.0,-0.1163883505171391,5,False,343.4544136938546,244.26548432352877,2.2740308267098888,209.0,0.0760752573991433,0.1460576104981946,0.0108488113234652,6,False
21E537C9459C37D7E0631618000A23BC,1,375.13106131178415,191.6366188609499,2.2921165736683196,155.0,0.1000000238418579,0.196543027118578,0.5612502757954057,4,True,370.16807993620733,90.39819126751982,2.68503294899841,185.0,1.0,0.0,-0.0775179443562386,4,False,369.62709684597775,139.72545517700047,2.5766336344215386,146.0,1.0,0.0,-0.235760724818865,4,False,343.4594163775436,244.27081940200264,2.2689711220187303,230.0,0.0,1.0,0.0081837395975522,6,False
21E588C8CEBFA27DE0631618000A60EF,1,375.1643719416674,191.6844403602061,2.2817542038612344,160.0,0.1000000238418579,0.1953280532241522,1.0,4,True,366.1725199888577,89.42542463354046,2.811165461441623,194.0,1.0,0.0,-0.1144214688616264,5,False,368.7549323333114,139.9017799586605,2.5859866541405054,167.0,1.0,0.0,0.0344924596662121,4,False,344.3633516632985,245.20511699243465,2.2618840580217574,239.0,0.0,1.0,0.0464747698366808,6,False
21E588C8CEBFA27DE0631618000A60EF,2,371.4884213154224,191.25619245555305,2.195672714546935,137.0,0.1000000238418579,0.195124477148056,0.1232753413756045,4,True,369.4985370481612,90.23386347977454,2.7028159811510286,197.0,1.0,0.0,-0.103079829085955,5,False,368.4273300091277,139.96829031265693,2.5943061671459056,163.0,1.0,0.0,-0.0074088738780632,4,False,345.63458183198105,246.52009781245656,2.259020338934872,178.0,0.0100020785365076,0.9460163618736116,0.0571797512029941,4,False
21E5DA438719EB39E0631618000A39F5,1,378.14686857200206,191.34950843427308,2.3324371515366527,172.0,1.0,0.0,1.0,5,False,373.1439336558828,90.79177264288118,2.648548178868104,167.0,0.3168287404823373,0.0,-0.0444049462077443,4,True,373.72666995683227,138.27326014884255,2.5347904483582906,171.0,1.0,0.0,-0.1798883031737705,4,True,344.06734647599166,244.89916205323257,2.261438554960449,247.0,0.0,1.0,0.0187624059027483,7,False
21E5DA438719EB39E0631618000A39F5,2,379.8953129398168,191.4734190969436,2.386933196712238,145.0,0.0,0.9801281141735084,1.0,4,False,374.320405964412,91.05497963343,2.6265253026107738,145.0,1.0,0.0,-0.062931052914301,4,True,377.0719291969096,137.85758648099105,2.5437456755830823,148.0,1.0,0.0,0.0345932967281761,4,True,345.0249779245105,245.889179654176,2.2475593564725,256.0,0.0,1.0,0.0602799794086707,7,False
21E5DB29ECE0F4A7E0631618000AA435,1,374.6800917063328,191.54869582321473,2.291810091795816,167.0,0.1000000238418579,0.195124477148056,0.3457396493711753,4,True,368.3039630575224,89.94384801038643,2.7353213580628446,205.0,1.0,0.0,-0.0859002356953609,5,False,368.3376445391759,139.98649323501948,2.59465712613586,177.0,1.0,0.0,-0.00677782654141,4,False,344.0145298716065,244.84459901369112,2.26453408470297,237.0,0.0001264157939024,0.9979253289975442,0.0310752460109774,6,False
21E69FCA31352139E0631618000A0C2E,1,375.6934433354231,191.75423694667225,2.2973081597237077,172.0,0.1000000238418579,0.1975635202635386,0.4794769292236268,5,False,369.359540293001,90.20046489736632,2.70420691687397,204.0,1.0,0.0,-0.0958376949848398,5,False,369.2096938156556,139.8102590827672,2.5780017519117595,175.0,1.0,0.0,-0.0177172540713985,4,False,343.7562477549423,244.57761098413903,2.2644238267085224,242.0,0.0,1.0,0.022220047828139,6,False
21E734185A94C7C2E0631618000A177B,1,376.6220783929221,191.28367635979532,2.312762872230577,118.0,0.0,0.8290584969365488,0.2444947231564919,3,False,371.8406710135335,90.80471312307623,2.6555636375401166,170.0,1.0,0.0,-0.0268363839662238,4,True,372.0296987372787,138.96987018017964,2.5392548745513213,154.0,1.0,0.0,0.0054189316046158,4,True,344.2974614238607,245.13701983227477,2.2645047591418224,229.0,0.0,0.9009723535275014,0.0383687498244128,6,False
21E734185A94C7C2E0631618000A177B,2,373.04403509087007,191.39935314637867,2.2268726932659546,145.0,0.1000000238418579,0.195124477148056,0.2876135992682718,4,True,369.23892845917567,90.17134985566183,2.713081831310999,190.0,1.0,0.0,-0.2066108641452929,5,False,370.5796734752208,139.53295878351886,2.5502269183692006,161.0,1.0,0.0,0.0181566058833907,4,False,342.58491794301983,243.36722651573473,2.273442293282064,229.0,0.0,0.8087582913295635,0.0199965706291404,6,False
21E73427E928C800E0631618000A5A42,1,378.70008666785833,191.3890901007212,2.3492740869920885,163.0,0.5337219777420218,0.0,0.6212205644698782,4,False,370.97709513460575,90.59527191276328,2.680229352851956,141.0,1.0,0.0,0.0805265012025852,4,False,371.3167935316928,139.3461175808175,2.5589012939261577,142.0,1.0,0.0,-0.3435327423794235,4,True,344.1345674841665,244.96865044576407,2.2602913363548836,250.0,0.0,1.0,0.0322534675327064,7,False
21E73427E928C800E0631618000A5A42,2,376.66433829354656,191.2691368529256,2.298131478845858,164.0,0.6487220525741577,0.0,0.3868698425682768,4,False,369.26869541114127,90.17933732160697,2.709135560458983,186.0,1.0,0.0,0.0384669522052378,5,False,368.449929174682,139.963920027383,2.5950806118854923,168.0,0.7498588562011719,0.0,-0.0593463973753416,4,False,344.2833107212612,245.12238206263953,2.25957528931754,247.0,0.0,1.0,0.0195762882530689,6,False
21E73427E928C800E0631618000A5A42,3,375.1033791576252,191.69669657079143,2.2895862150530153,157.0,0.0944718079573866,0.1975426251332289,0.2271594613508935,4,True,368.76265965337336,90.05594556227975,2.723609837500945,201.0,1.0,0.0,-0.1266049815584783,5,False,369.7899344797884,139.69252751382547,2.564432724138324,178.0,1.0,0.0,0.0714858524459466,4,False,344.5031761985879,245.35003083562944,2.2575935091709884,250.0,0.0,0.9937872290611268,0.0465905156707873,7,False
21E73427E928C800E0631618000A5A42,4,378.216170323659,191.36447676782015,2.3436141250499647,146.0,0.0,0.0,1.0,4,False,371.8079608954724,90.74633667033552,2.6559018465835167,179.0,1.0,0.0,-0.0627021039885025,4,True,369.15560041155135,139.82081604003906,2.5868042877742226,137.0,1.0,0.0,-0.6367570417267936,4,False,344.10650966551657,244.9397037581892,2.2602671184813476,251.0,0.0,0.8836960792541504,-0.0222105162791809,7,False
21E73427E928C800E0631618000A5A42,5,378.6085294899366,191.40699979092213,2.348475553465228,156.0,0.708502838586239,0.0,1.0,4,False,371.2749263252799,90.66677860650489,2.6644452489267185,169.0,1.0,0.0,0.0316316976387963,4,False,371.5609154334435,139.1632772592398,2.5495687631460338,152.0,1.0,0.0,-0.1275734695104452,4,True,343.86421000331455,244.68977284260123,2.2609479062263316,251.0,0.0,0.8193503618240356,0.0452187689090216,7,False
21E7AD6328361951E0631618000AAFC3,1,380.6395110966848,191.5295118402966,2.4130537420450686,121.0,0.0,1.0,0.9528696079559912,3,False,366.7831214000463,89.5747395630862,2.790449687239179,182.0,1.0,0.0,-0.1091638715958207,4,False,369.7849445012961,139.69259116598707,2.5696326636253146,144.0,1.0,0.0,-0.0627436021127404,3,False,344.6895870930116,245.54229644008055,2.2573970573744013,250.0,0.0,1.0,0.0091506162937145,7,False
21E7AD6328361951E0631618000AAFC3,2,377.54331743289265,191.31720745380107,2.323433582599346,139.0,0.9307099589934716,0.0,0.5167363573343325,3,False,368.7880271261052,90.0611746026564,2.72322631732438,198.0,1.0,0.0,-0.1041910937012628,5,False,370.30814786298333,139.58755053064655,2.5542841595371266,168.0,1.0,0.0,-0.0423181953504004,4,False,343.55679322526095,244.3714483328372,2.281554693145505,170.0,0.0,0.9597560676621868,0.0014270593547747,4,False
21E7AD6328361951E0631618000AAFC3,3,380.2975601087384,191.4856904988058,2.400846897846739,136.0,0.823810259753234,0.1611830643655157,0.8345278836166357,4,False,368.81719901658823,90.0687214087577,2.7249495853665726,181.0,1.0,0.0,-0.0665290028328809,4,False,371.2137004244056,139.40487017339763,2.5659822644586807,147.0,1.0,0.0,-0.088251084824687,3,True,344.0272579806725,244.85788691949443,2.2568652967595835,257.0,0.0266928493394484,0.958067107648584,-0.0283683853520513,7,False
21E89F781BCA9A51E0631618000A1D34,1,375.72248093186033,191.7176342593472,2.2934299084230743,175.0,0.1000000238418579,0.1955722968370882,0.4288328091642192,5,False,367.38902680548927,89.72151059757876,2.7685794230155376,205.0,1.0,0.0,-0.1702163502004662,5,False,368.69680345392675,139.91349116366408,2.585315131553528,184.0,1.0,0.0,-0.032055692497565,4,False,343.91435995806773,244.74102954405924,2.265171171190053,236.0,0.0,1.0,0.0403404940924842,6,False
21F8D348AF4016BBE0631618000ADA29,1,376.4076067086931,191.2815310901435,2.3091125609482575,171.0,0.0,0.125363622914772,0.2051403122790816,4,False,367.3716098249304,89.7171163369989,2.776402595460252,170.0,0.609339232682673,0.0,-0.1057402740278356,4,False,372.52770127580226,138.76619357543308,2.551141988247582,163.0,0.548577070236206,0.0,-0.0041045582691556,4,True,342.9370920572125,243.73091201293516,2.279624173792012,213.0,0.0096663592495252,0.0293131039575196,0.0145097995509418,5,False
21F8D348EE1316BBE0631618000ADA29,1,376.47684908427294,191.26366252102036,2.3027420331318402,180.0,0.9763367533900388,0.0,0.2838213858732233,5,False,368.2545895121997,89.93236817264217,2.734695123906222,220.0,1.0,0.0,-0.1465659012033053,5,False,369.465852677112,139.75744684660316,2.569027706205793,199.0,1.0,0.0,-0.0974256651109665,5,False,344.73295893944066,245.58707766351137,2.2646108760915102,222.0,0.0,0.762276939743238,0.0362291005996902,6,False
21F8FE8E7C428FE9E0631618000A3D64,2,370.5978098888447,191.6654501717924,2.1845717807385645,157.0,0.9761568266304036,0.0,0.156632925103619,4,True,372.0730404273693,90.60001589211937,2.65960940152672,159.0,1.0,0.0,-0.1754269064832423,4,True,365.9104304458156,140.47759131229284,2.654776298638546,144.0,0.8839965047258318,0.0,-0.3731293339620937,4,False,344.5751074928825,245.4237959027188,2.2707698416159237,205.0,0.0,0.1512842071219526,0.1052529949551468,5,False
21F8FE8ECDDF8FE9E0631618000A3D64,2,379.69677367985327,191.45849696504249,2.381331430172676,159.0,0.0,0.3065194966677865,1.0,4,False,370.68685480288406,90.52381798713854,2.682901226228653,134.0,0.5559014081954956,0.0,-0.0594802883378293,3,False,371.0302704223169,139.44010662579527,2.5628555442672902,116.0,0.3349012856036032,0.0,-0.2985563834084296,3,True,344.05846879673845,244.890041491124,2.2644595894703907,231.0,0.0,0.0,-0.053404786859548,6,False
21F8FE8F11D68FE9E0631618000A3D64,2,372.136103564096,191.3148068913347,2.19977978812988,167.0,0.0,1.0,0.2301044870724623,4,True,369.10585140203926,90.13874341187523,2.7171873692066537,187.0,1.0,0.0,-0.0633720681207117,4,False,369.74358463778606,139.70133411027282,2.570776315071815,150.0,1.0,0.0,-0.0335962163424171,3,False,343.85747803215946,244.68239684942353,2.256850523942832,260.0,0.0,1.0,0.0251211186410022,7,False
21F8FE8F85418FE9E0631618000A3D64,1,375.5797522822561,191.7107182370995,2.301157716861181,148.0,0.0,0.0143518383695822,0.2439941868725875,4,False,377.90654148038254,91.85550386568816,2.5548430615167046,111.0,0.2620602101927564,0.0,-0.0242817665077997,3,True,376.7261719500842,138.0021947692126,2.550723298269042,113.0,0.0582460426384795,0.0157150807022587,-0.0146463056622133,3,True,342.11111875475194,242.87722377693743,2.2849354253478023,184.0,0.0,0.1433905124238655,0.0345517293354242,5,False
21F8FE8F85418FE9E0631618000A3D64,2,376.19212350756135,191.26895469049427,2.312056252331684,143.0,0.1343175464272577,0.0,0.1662448763066075,4,False,369.7664237033477,90.29959267734095,2.7011571835816977,160.0,0.5720429134217839,0.0,-0.1329472508545032,4,False,369.2094054545519,139.80947729154136,2.5841921530148144,143.0,0.4567381161615004,0.0,-0.0948405118684929,4,False,342.59496057080656,243.37749584861425,2.2904855015249592,142.0,0.2953147895545827,0.0,0.0178688464169997,4,False
21F8FE8F9D448FE9E0631618000A3D64,2,374.46763883369766,191.53335104301095,2.2759367661480643,212.0,0.0,0.008498195707106,0.6015568578096666,6,True,371.4003973828469,90.69639844039622,2.660808628095684,192.0,0.8734389215760155,0.0,-0.0734501007171789,5,False,375.20306252884575,138.6447592435087,2.535417152028425,188.0,0.8300663240378037,0.0,-0.1643155514272692,5,True,343.0750701413884,243.87365146131583,2.2588248666473447,277.0,0.0,0.1743495304490529,0.0806086684640685,8,False
21F8FE9583608FF8E0631618000AC3E6,1,374.17557784188733,191.50527686010915,2.2808289158956687,168.0,0.7119442110638938,0.0,0.1555927984158368,4,True,372.5844638646517,90.67012131581,2.6523741568190373,179.0,0.8777309315000569,0.0,-0.0283744614122309,5,True,373.5409745458572,138.35204315806916,2.5328700725116953,178.0,0.8533957076996707,0.0,-0.011679037709917,4,True,343.4676769361051,244.27933092760503,2.2716245302933946,214.0,0.0,0.4653842449188232,-0.0292453954099442,6,False
21F8FE95990C8FF8E0631618000AC3E6,2,371.5223768978009,191.25766548005785,2.194364498271887,173.0,0.164049744606018,0.0,0.2969632014533948,5,True,365.2229377044401,89.19407945777553,2.8549362196487986,149.0,0.2577947063223202,0.0,-0.3247161517199528,4,False,374.16731133831695,138.09333224068052,2.5420311689122923,152.0,0.2575722932815552,0.0,0.0271763774438407,4,True,338.0413587674453,238.6705795912972,2.2256922461206723,194.0,0.019651694717593,0.0,0.0270138118807888,5,False
21F8FE95B7888FF8E0631618000AC3E6,1,380.155652811418,191.40815361080416,2.3810586663420215,226.0,0.0,0.2615773814505251,0.1822763064053034,6,False,379.2319554772293,92.14821698330493,2.541759198430724,154.0,0.4465507965886359,0.0,-0.7115215333986312,4,True,388.36601130730855,134.72228890298257,2.5780155691102262,182.0,0.42007248291306,0.0,0.3172952758143409,5,True,342.7925269409912,243.5814956413301,2.2562652562721106,293.0,0.0,0.265521326045022,0.0379650462631646,8,False
21F8FE95B7888FF8E0631618000AC3E6,2,373.31394129995783,191.42549770385193,2.2370646703075834,151.0,0.4705156929377741,0.0,0.2235658055322563,4,True,368.40083370741746,89.967248975324,2.7353214420191083,194.0,1.0,0.0,-0.1055418604534866,5,False,370.9527413895066,139.45598903214025,2.552747881599416,162.0,1.0,0.0,-0.1172254945900017,4,True,341.6175330712964,242.36737055483624,2.27589743227261,235.0,0.0,1.0,0.032976696495287,6,False
21F8FE964F198FF8E0631618000AC3E6,2,375.3903483415268,191.7151267592272,2.295557982239896,134.0,0.4298188075198782,0.0,0.2275610785056266,4,False,369.9942112020405,90.35593210719024,2.6947426712416567,163.0,1.0,0.0,-0.0848584651264218,4,False,371.18114526617825,139.4099556286091,2.561961137185962,144.0,0.899282695587361,0.0,-0.171908010188464,4,True,342.24568351049135,243.01649566724535,2.2806783447411276,203.0,0.0,0.4385756080875128,0.0396348559205491,5,False
21F8FE9682418FF8E0631618000AC3E6,2,373.543020236798,191.44820148941773,2.2383845219380696,193.0,0.3737109286480667,0.0,0.2676287781028515,5,True,370.23314868309313,90.41219090733004,2.6803883762101997,210.0,0.9880064129829408,0.0,-0.1919959234830017,5,False,371.85303883793847,139.04401383143633,2.5313456513547288,189.0,0.9000129926394631,0.0,-0.1304089197045219,5,True,343.7040748691163,244.5233760216424,2.2609661604853586,253.0,0.0,0.4404513205977396,0.0569846498211884,7,False
21F8FE9696CB8FF8E0631618000AC3E6,1,371.48232032487095,191.25859817179017,2.194101016035369,135.0,0.922944455382644,0.0,0.1512736520141311,3,True,368.8075219924001,90.06586934932291,2.724103970245894,187.0,0.9147688624263728,0.0,-0.1195326574700007,4,False,370.3803134460666,139.57261405877315,2.55557788692298,155.0,0.9157462173660876,0.0,-0.0020358340520546,4,False,342.13961091424284,242.90665837708335,2.287350354614713,172.0,0.0269977831428706,0.6692411491970999,0.0742025857557608,4,False
21F8FE9CE83E9002E0631618000ADFE9,1,374.1934903920257,191.5078797115455,2.284952568106916,156.0,0.8204993224490609,0.0,0.2330275369703271,4,True,368.47043066074906,89.98437515473383,2.7331378548015524,196.0,1.0,0.0,-0.1244757908454115,5,False,369.53178903240047,139.74430023611413,2.5706028454924286,171.0,1.0,0.0,-0.1113466901321934,4,False,343.314937257637,244.1214601589796,2.266463835632552,232.0,0.0,1.0,0.0047187741373222,6,False
21F8FE9CE83E9002E0631618000ADFE9,2,374.1073199477033,191.49644375762887,2.2753464653964706,163.0,1.0,0.0,0.2287837829723219,4,True,369.21861560873486,90.16567292445164,2.7096149037019406,203.0,1.0,0.0,-0.0709292183799143,5,False,370.89740224353653,139.46732346412566,2.547871681147236,176.0,1.0,0.0,-0.038117923939789,4,True,342.7163128367408,243.50277626299456,2.269010164177369,241.0,0.0,1.0,0.0429103103609362,6,False
21F8FE9DB0D39002E0631618000ADFE9,1,376.89677485778066,191.3097201735237,2.2982692130661886,166.0,0.0427650882312824,0.0,0.1565322093665598,4,False,372.30318456767134,90.60470962101418,2.6580789597119887,156.0,0.1826755738661368,0.0,-0.0522794800609894,4,True,374.3474865263415,138.01871534019904,2.5405390319455687,160.0,0.3605003325300948,0.0,-0.0171329922304829,4,True,344.5092922017905,245.355895726616,2.2719504314999104,193.0,0.0,0.0799376886519744,0.0191222285324771,5,False
21F8FE9DB0D39002E0631618000ADFE9,2,375.938606735389,191.77552003938007,2.3017229740351057,168.0,0.0,0.2011016447542713,0.2217908985869532,4,False,370.73085443026093,91.51802025457056,2.6712197850613664,272.0,0.0,0.5297777195352767,0.0271453987055773,7,False,373.94661784463153,138.18532134661197,2.5343202565213083,167.0,0.8362081179754055,0.0,0.0151369618519688,4,True,344.3815133086449,245.2239703137292,2.2639959136656977,232.0,0.0,0.399908956280666,0.0446909314758776,6,False
21F8FE9DC7F99002E0631618000ADFE9,1,380.78946159171414,191.50676605869984,2.405840983711202,174.0,0.7229283602455989,0.2253920604722913,0.3904325189019747,5,False,360.4784230606834,88.04004300046684,3.0029772487313555,116.0,1.0,0.0,-0.4181861121212869,3,False,376.0707818915116,138.2766664355768,2.5411172189291946,159.0,1.0,0.0,0.1902780012730688,4,True,344.6157565269755,245.46595680823583,2.2634265017859563,218.0,0.8400234831191546,0.4062323456648151,0.0207950734484363,6,False
21F8FE9F13369002E0631618000ADFE9,1,377.04439675547127,191.29477689853385,2.311128553862532,132.0,0.1089490170172236,0.0082456259215589,0.1809969317266037,3,False,369.39817816049145,90.21042644930768,2.720766474039984,121.0,0.2346572779616277,0.0,-0.0826292726797831,3,False,369.29664361098736,139.79193291681227,2.587206403548568,119.0,0.1215917219456266,0.0,-0.1038275205244547,3,False,343.8082167230818,244.63129408700584,2.282095885623409,175.0,0.0,0.008676184517222,-0.0017044322488815,5,False
21FB38FD822013AAE0631618000AB391,1,377.2953210759639,191.283486118582,2.3083741340640676,174.0,1.0,0.0,0.3651766707607012,5,False,368.20455646223047,89.9182799986859,2.736551277980396,215.0,1.0,0.0,-0.1187166324412891,5,False,371.5076738919632,139.18662878288285,2.5483826433624897,194.0,1.0,0.0,-0.0040524275001165,5,True,344.53988480290985,245.38751907933676,2.2568763999739567,253.0,0.0,1.0,0.0162858814059281,7,False
21FB38FD822013AAE0631618000AB391,2,376.0286133012834,191.78799093734773,2.299445739721052,172.0,0.8783310504397887,0.0,0.1454873996128529,5,False,368.35302126431134,89.95464814014925,2.735105762820272,209.0,1.0,0.0,-0.1205174773931503,5,False,370.91679739213663,139.46439683967827,2.5485602437749626,186.0,1.0,0.0,-0.0332893443056148,4,True,344.22859810853845,245.0655706371808,2.260492457869303,243.0,0.0,1.0,0.0570027865296136,6,False
21FB38FD93A913AAE0631618000AB391,1,376.99714481942806,191.28424526401815,2.298734436320745,168.0,1.0,0.0483161364703017,0.2288911098132466,4,False,371.72759067743294,90.77619535840716,2.6538574328822384,196.0,1.0,0.0,-0.0247358856612277,5,True,371.539263878716,139.1710467671404,2.5469462370183327,178.0,1.0,0.0,-0.2842687414644852,4,True,343.73835240405634,244.55909441366015,2.26460052051274,241.0,0.0,1.0,0.0455372260726142,7,False
21FB38FDB84713AAE0631618000AB391,1,376.6167568765933,191.8076925025582,2.2926314855802206,175.0,0.6028452745160657,0.0,0.2915303772645624,5,False,368.08600501214306,89.89050730089218,2.7456277752935363,198.0,0.9199181332728265,0.0,-0.1374805021917235,5,False,369.20764921521,139.80940234884233,2.5783879775205296,178.0,0.688970459632748,0.0,-0.1149462832196532,5,False,344.4456420458251,245.29010023004108,2.2590931258603564,247.0,0.0,1.0,0.0121761287613875,7,False
21FB38FDC9BF13AAE0631618000AB391,1,374.8262470023835,191.56551308787235,2.292346716571095,138.0,0.4785365235165859,0.0,0.2095187597585143,3,True,367.15759467202486,89.66473639916994,2.7821803203735556,171.0,0.6877851486206055,0.0,-0.0971130834841902,4,False,368.7277092915736,139.90654501051247,2.5926189398289305,149.0,0.6192024084367967,0.0,-0.0623491747351688,3,False,343.5273944737561,244.34102791594896,2.282564706450513,152.0,0.2792248129844665,0.2463691257970062,0.0211987163330242,4,False
21FB39045C4913B5E0631618000A0046,1,375.8104067578068,191.7060425909235,2.297743693750919,173.0,0.0,1.0,0.1973935422741455,4,False,368.7682894204768,90.05534991579421,2.728674421106166,175.0,1.0,0.0,-0.089721817465922,4,False,374.77297570420245,138.82459375859503,2.5430057907378414,153.0,1.0,0.0,0.0068497288390812,4,True,342.0294846059388,242.7928254746253,2.272525524658811,240.0,0.4632206610868019,0.4124678671360016,0.0205152901271323,6,False
21FB39045C4913B5E0631618000A0046,2,370.52872072580067,191.65201054465783,2.2052323611528144,117.0,0.8619462214756306,0.0163423022403313,0.1836022239782,3,True,365.05056111302224,89.15220124050346,2.8525318865076934,171.0,1.0,0.0,-0.0777142406392435,4,False,366.03882667135406,140.4508497728497,2.6509394639615698,122.0,0.9407688717474888,0.0,-0.0641480644918041,3,False,342.39477221929235,243.17050668260444,2.283191705413463,185.0,0.0277676159248373,0.4123649606814376,0.082326226812205,5,False
21FB3904996C13B5E0631618000A0046,2,375.66943393535365,191.7348003849426,2.291786495626726,191.0,0.8372024876563161,0.0,0.2580896237952983,5,False,371.439693372078,90.70711433046304,2.6634158722434993,175.0,0.7258003040967629,0.0,-0.0332652729570185,4,False,373.075681661356,138.54047977746941,2.5431103968641167,167.0,0.4919991738809452,0.0,-0.0942140117565918,4,True,343.8610764054352,244.6860072644632,2.275877694263729,188.0,0.0,0.4692367143531682,0.0516410141232455,5,False
21FB3904EF0813B5E0631618000A0046,1,375.2255650057597,191.6759692607344,2.283127889737459,159.0,0.5682193733936823,0.0,0.2149776546447976,4,True,366.0733319097278,89.40148189443308,2.811339307238192,206.0,1.0,0.0,-0.1183876477701865,5,False,367.21955238684177,140.2120801330937,2.6184053852792246,181.0,0.9623864889144896,0.0,-0.0627284060658285,4,False,343.7981666823149,244.6208864548487,2.270792108829048,217.0,0.0,0.3705151944307275,0.0284707005338248,6,False
21FB3905273613B5E0631618000A0046,2,370.33943885525184,191.629866270196,2.193297422098889,149.0,0.0,0.0,0.0381168418325041,4,True,367.94936160545046,89.8579774670906,2.7633355588670434,117.0,0.2116836105756193,0.0,-0.0359606019786682,3,False,370.0794364960856,139.63248605055432,2.570972387226785,122.0,0.0,0.0,-0.0453768562479137,3,False,342.4788682919249,243.25728306955753,2.2815789996918463,196.0,0.0,1.0,0.0402650126959441,5,False
21FB390B137813BAE0631618000A2331,2,374.3521118164063,191.5465285230441,2.2716445993057266,214.0,0.0,1.0,0.3037222266126998,6,True,368.6570528428208,90.02959742153645,2.7399135403595487,156.0,1.0,0.0,0.2022309387415613,4,False,377.34483973141863,137.7427822910313,2.5403875364527293,186.0,1.0,0.0,0.1215510957611123,5,True,343.45438780965685,244.2657347731449,2.251208529693668,303.0,0.0,1.0,0.1535768388192864,8,False
21FB390B27FE13BAE0631618000A2331,1,369.978708418574,191.5894772096377,2.191181707590619,210.0,1.0,0.0,0.2229134948600373,6,True,367.3951513627032,89.72329702699409,2.7666644782901844,208.0,1.0,0.0,-0.1537343501861896,5,False,372.99833339271345,138.57485615843305,2.549234468928824,194.0,1.0,0.0,0.0271289698828552,5,True,342.259833309541,243.03095927635064,2.2679395293577422,245.0,0.0,0.443297233669734,0.0040333485802172,7,False
22B2B88D2F652905E0631518000A807B,1,375.6199806763154,191.68800902282013,2.2930058357042515,172.0,0.1000000238418579,0.195124477148056,0.325707233811295,5,False,368.2495715162215,89.93127681393918,2.7369607432637393,213.0,1.0,0.0,-0.1599996176996615,5,False,370.80044506322656,139.4880430890289,2.5438288968243894,193.0,1.0,0.0,0.0069643865211471,5,False,343.9735856488893,244.80222929125807,2.2675231868490315,227.0,0.0,1.0,0.0272284963963172,6,False
22B2B88D37622905E0631518000A807B,1,377.8123927276487,191.3272242224854,2.321144926551355,174.0,1.0,0.0,0.377987203159183,5,False,367.88236739656435,89.83895907338217,2.749306295896537,214.0,1.0,0.0,-0.1922994003036994,5,False,371.1400268174156,139.41913183002586,2.554675880480658,188.0,1.0,0.0,-0.1717098827382551,5,True,343.6259216805089,244.44292014578545,2.2679557726253963,233.0,0.0,1.0,0.0087405675773548,6,False
22B37A31D27E11C4E0631518000ADE8D,1,378.8033539013692,191.39338290954697,2.355437422607531,143.0,1.0,0.0,0.4613424106733406,4,False,369.17754245063225,90.15751003917516,2.712788717030993,189.0,1.0,0.0,-0.1543246624554375,5,False,370.0640334248217,139.63585189531187,2.55982923291986,172.0,1.0,0.0,-0.0620450356485588,4,False,342.97389034011223,243.76899330775015,2.2666316816372314,245.0,0.0,1.0,0.0,6,False
22B37A377225A51AE0631518000A9050,1,375.98181903431635,191.79397410852087,2.2990861975822465,175.0,0.1565875662475455,0.1761821717773023,0.3374745272837751,5,False,368.8008826123212,90.06449534419095,2.721666954483412,210.0,1.0,0.0,-0.1976166438105632,5,False,369.407879170659,139.769221817326,2.571713255867461,185.0,1.0,0.0,-0.215628988397849,4,False,343.4891871755313,244.30159561749076,2.2648385855984694,246.0,0.0,1.0,0.0372562617774698,7,False
22C13FBDA13655D6E0631518000AF1A7,1,379.77065502618245,191.4584350396273,2.388054012589212,130.0,0.8609670369861913,0.0,0.4568663411553268,3,False,369.64332552657544,90.26982054575734,2.6994206499942104,194.0,1.0,0.0,-0.0723418695309776,5,False,369.9103150372059,139.66815845078773,2.56467103246746,161.0,1.0,0.0,-0.0464296021092689,4,False,344.17720986530855,245.0127266258852,2.260193665492453,248.0,0.0,1.0,0.0720302073669049,7,False
22C1CF8B77E21B69E0631518000AD164,1,378.4281258100402,191.33716165106145,2.338773743490329,180.0,0.2489120502948768,0.0,0.2035858807818987,5,False,369.5381480336257,90.2441750970888,2.7134822989400695,123.0,1.0,0.0,-0.0609852908933201,3,False,376.9742779103544,137.8961289981497,2.556386852314606,115.0,0.0,0.0,0.0019741853227484,3,True,344.5451050583528,245.39283227892136,2.2654261719871207,232.0,0.0,1.0,0.0462368250368556,6,False
22C1CF8B7BAB1B69E0631518000AD164,1,377.858079470176,191.3297304133779,2.321984637297529,175.0,1.0,0.0,0.2494550073074199,4,False,369.37731700441486,90.20513881529685,2.7029267156963876,208.0,1.0,0.0,-0.0982802990085164,5,False,370.15897745439486,139.6127582257566,2.569161687138211,190.0,1.0,0.0,-0.1290046562480768,5,False,344.71030565901606,245.5635513568616,2.2628415084083002,230.0,0.0,1.0,0.0367319857772319,6,False
22C2C800BE346633E0631518000AF080,1,376.01795692290534,191.7455917592516,2.2972386091243,174.0,0.1413478460094411,0.1701760000891956,0.3347640638033247,5,False,366.0729082412324,89.40152401437219,2.8140656520051506,202.0,1.0,0.0,-0.3185379648238017,5,False,368.81913980568726,139.88794341770176,2.582855370407205,188.0,1.0,0.0,-0.1103396013179808,4,False,343.16355282717296,243.9650591738488,2.269624626705869,235.0,0.0,1.0,0.0056818403541052,6,False
22C59958CC57C14BE0631518000A95A9,1,379.3479899799873,191.4423451597704,2.3700921317000336,150.0,1.0,0.0,0.4374826151533682,4,False,368.5430187536165,90.00195761204826,2.7287084378662128,205.0,1.0,0.0,-0.1319860551821133,5,False,370.0478830874919,139.6400221511032,2.559598567332411,178.0,1.0,0.0,-0.0516622340615246,4,False,343.82476997191856,244.64843524276597,2.265450222025816,238.0,0.0,1.0,0.0,6,False
22D205FF26E37344E0631518000A3CA3,1,378.7888838147233,191.41830031821368,2.3502738327870305,159.0,1.0,0.0,0.4356216703169311,4,False,369.60878826258727,90.26173235591314,2.697488225276357,197.0,1.0,0.0,-0.0340862082542129,5,False,370.4117432207016,139.5653121319766,2.5550205696998294,175.0,1.0,0.0,-0.1105289755150961,4,False,343.2110503159086,244.0141395673188,2.267943398300835,239.0,0.0,1.0,0.0,6,False
22D7F405360D9539E0631518000ABF76,1,377.48885461190446,191.29333947001209,2.311121684758592,179.0,0.9951346817610188,0.0,0.4342590982545013,5,False,369.5073633414818,90.23707463657897,2.700183917696256,211.0,1.0,0.0,-0.0808967373221054,5,False,370.0892283442507,139.6307198098382,2.5604588206151906,190.0,1.0,0.0,-0.1988620732991622,5,False,344.0926363891524,244.92529353562253,2.261585516169065,246.0,0.0,1.0,0.0232900350221882,6,False
22D7F9FCB2CEF433E0631518000A7226,1,377.6643554847896,191.306377663236,2.3165230280451232,178.0,1.0,0.0,0.3990426221197404,5,False,368.4430582254408,89.97754708944808,2.729381182838168,214.0,1.0,0.0,-0.1956756249676376,5,False,370.4557297347749,139.55668931606164,2.5499173379403315,193.0,1.0,0.0,-0.1048657396343182,5,False,343.95427097561617,244.78231093839915,2.2661886310455666,232.0,0.0,1.0,0.0004560827873494,6,False
22D7F9FCB2CEF433E0631518000A7226,2,378.327536475214,191.38077713080625,2.3352017731685137,174.0,1.0,0.0,0.4006809513926771,4,False,369.33590864798543,90.19406601332226,2.7034867717295663,214.0,1.0,0.0,-0.0607500524404463,5,False,371.29553174051506,139.387667525061,2.5530465487018357,194.0,1.0,0.0,-0.1012484116580113,5,True,344.62900577500864,245.479485987413,2.268605436224906,210.0,0.0,1.0,0.002741495608541,5,False
22D7F9FCB2CEF433E0631518000A7226,3,375.75154390578155,191.73201115898877,2.293615214904847,174.0,0.1000000238418579,0.1953165501413572,0.3084430967773352,5,False,370.1352800119956,90.3905097300612,2.679735120713241,214.0,1.0,0.0,-0.1698571561828372,5,False,369.8761027952808,139.67504471418292,2.563620270267392,189.0,1.0,0.0,-0.0136370585833152,5,False,344.0257925301363,244.85598554638528,2.2624464304194407,244.0,0.0,1.0,0.0572563966357263,6,False
22D7F9FCB2CEF433E0631518000A7226,4,377.94586007629687,191.3393604715644,2.324352402594732,175.0,1.0,0.0,0.4351195991199589,5,False,369.5491931625804,90.24691089546499,2.7009022470670443,201.0,1.0,0.0,-0.1640849849526435,5,False,371.62498365826286,139.13958236740527,2.5416442262095873,184.0,1.0,0.0,-0.1446078018912794,5,True,343.15221257925833,243.9534042688393,2.2707598510763103,230.0,0.0,1.0,0.0,6,False
22D9407C0E3D6319E0631518000A2270,1,378.9954858313992,191.4256187383841,2.3648795420861446,144.0,0.3838032496748199,0.0,0.4582984395146887,4,False,368.467292042509,89.98312572046896,2.732107074868553,199.0,1.0,0.0,-0.0243333759952209,5,False,368.028747863868,140.0486278306211,2.601444757073185,171.0,1.0,0.0,-0.1831056954120966,4,False,343.71983574579247,244.5399824686616,2.2643512279154563,244.0,0.0,1.0,0.0,6,False
22D9407C0E3D6319E0631518000A2270,2,375.6165835042361,191.7301658804966,2.304483733406425,98.0,0.0,0.0,0.1019833747635226,2,False,368.71225238425546,90.04436997461693,2.730319894717128,169.0,1.0,0.0,-0.0014908497996655,4,False,370.133133949889,139.6224545380915,2.5626011404701057,140.0,1.0,0.0,0.0,3,False,343.57653799588195,244.39185629028185,2.2777985869540975,190.0,0.0,0.4727029304295965,0.0,5,False
22D99BF7FB603A9AE0631518000A250C,1,377.8622828127656,191.35416878415643,2.322683090875134,173.0,1.0,0.0,0.4087672685904214,5,False,369.5992797642599,90.2582674088822,2.69668782174224,211.0,1.0,0.0,-0.1177457689632587,5,False,370.46923231451103,139.55397210420753,2.550203869252244,187.0,1.0,0.0,-0.1650226824683956,5,False,343.85093467660886,244.6754942357973,2.2635388559833194,244.0,0.0,1.0,0.0255576992857954,6,False
22D99BF7FB603A9AE0631518000A250C,2,376.55157468647144,191.29498205349844,2.299640750017644,176.0,0.4897633142520035,0.0,0.3911208851589611,5,False,366.7892067393112,89.57596827024838,2.7866921929363837,210.0,1.0,0.0,-0.11786544843575,5,False,368.68477109934264,139.91566718416593,2.5839963159267074,192.0,1.0,0.0,-0.165272570160517,5,False,343.50895920788247,244.32211944129529,2.268917211210487,231.0,0.0,1.0,0.0032984510100743,6,False
22DB44FA53B8F41DE0631518000A20E7,1,374.96327765979214,191.61106516094128,2.2822910942718746,171.0,0.1000000238418579,0.199103637311294,0.4070759556732854,4,True,368.0353532261914,89.87902490497946,2.744262555516575,211.0,1.0,0.0,-0.0811249391858503,5,False,369.22011672212955,139.80777952262605,2.5742841237853376,187.0,1.0,0.0,-0.0216473006322485,4,False,344.13105845023506,244.96504003897283,2.2608914624132206,247.0,0.0,1.0,0.0757272681932879,7,False
22DB44FA53B8F41DE0631518000A20E7,2,378.1346553397415,191.33191202395372,2.3307822513798886,177.0,0.9516023651983466,0.0,0.4245452093226569,5,False,368.2775112194629,89.93614612825277,2.7358513731316227,212.0,1.0,0.0,-0.1547230486001889,5,False,371.2528979787916,139.36783270239027,2.555043706662883,189.0,1.0,0.0,-0.1319065242504367,5,True,343.74634098780814,244.5674762396037,2.267695914245408,231.0,0.0,1.0,0.0,6,False
22DB5DDBEBFB52C2E0631518000A0B7A,1,374.78710884330593,191.64689378103097,2.2875175239833574,166.0,0.1000000238418579,0.1980983440352918,0.2361599504409445,4,True,369.5554292749276,90.24795786172764,2.6990737077906073,207.0,1.0,0.0,-0.1549067341208212,5,False,369.343612808365,139.7830530115076,2.574073589599884,180.0,1.0,0.0,-0.008164483248382,4,False,343.53177148929194,244.34559926662865,2.266163900728232,240.0,0.0,1.0,0.0376541058496912,6,False
22DB5DDBEBFB52C2E0631518000A0B7A,2,376.5630359989649,191.26075793927575,2.3021796245838444,175.0,0.4880256516968502,0.0,0.4074793280917427,5,False,369.2774647068856,90.17981450448785,2.704565618735582,214.0,1.0,0.0,-0.1507467951502669,5,False,370.363268040899,139.57648388307487,2.552464129319832,189.0,1.0,0.0,-0.0947451909531408,5,False,343.49615499078226,244.30912557702223,2.2664099793596884,239.0,0.0,1.0,0.0028153393096742,6,False
22DB5DDBEBFB52C2E0631518000A0B7A,3,374.6930650398597,191.6020277026537,2.288685928256321,177.0,0.1000000238418579,0.195124477148056,0.1865940423894496,5,True,368.77600973712913,90.05910456376957,2.7251259787559845,194.0,1.0,0.0,-0.1723756557111776,5,False,370.9131838637968,139.4635567538158,2.5538634005940986,178.0,1.0,0.0,-0.1125807535639406,4,True,343.64088326929254,244.45868471661808,2.2635118902249927,247.0,0.0641269007893355,1.0,0.0606549917913027,7,False
22DB5DDBEBFB52C2E0631518000A0B7A,4,376.0334244848976,191.73904024287768,2.299552483279838,175.0,0.179267147896995,0.1454897403233691,0.3655465127335009,5,False,369.4090430168092,90.21310525969255,2.7026182463037682,215.0,1.0,0.0,-0.1069069362672295,5,False,369.940251247942,139.661624540639,2.560972522112949,193.0,1.0,0.0,-0.1134774132064715,5,False,344.3630205929672,245.205081161456,2.2664654027776856,223.0,0.0,1.0,0.0596572078509937,6,False
22DB5DDBEBFB52C2E0631518000A0B7A,5,378.15861398985646,191.3507759972676,2.329437590738349,178.0,0.8699366179928342,0.0,0.4415255847738495,5,False,368.8102873649421,90.06635427254946,2.7228942074583955,207.0,1.0,0.0,-0.1095182554809844,5,False,371.3371685525645,139.3044535761294,2.551755739294964,189.0,1.0,0.0,-0.1435581222824428,5,True,343.8275995880932,244.6518168206446,2.267018467755022,231.0,0.0,1.0,0.0051505544695699,6,False
22DB5DDBEBFB52C2E0631518000A0B7A,6,377.25775996925427,191.2956097418067,2.3050789470030306,178.0,0.8903334867436458,0.0,0.4409684828573927,5,False,368.496700355159,89.9905476972575,2.7283153393689323,214.0,1.0,0.0,-0.201495160379678,5,False,370.1300260331896,139.6224835501777,2.5595063186354103,192.0,1.0,0.0,-0.1708659273468785,5,False,344.04157804985863,244.8731386857748,2.2617075588415547,247.0,0.0,1.0,0.0300579032658052,7,False
22DBC25CB36CB538E0631518000A50C3,1,377.6972325254812,191.35125561626745,2.315469463021817,178.0,0.9161830115659294,0.0,0.3885301737436296,5,False,370.2553264197839,90.41964266909667,2.6802869813472996,203.0,1.0,0.0,-0.0283218176437208,5,False,369.68228392620057,139.71375563478023,2.566026397075221,188.0,1.0,0.0,-0.1932172661866286,5,False,344.19143888495444,245.0274241240581,2.2647506474194015,234.0,0.0,1.0,0.0111844326813979,6,False
22DBC25CB36CB538E0631518000A50C3,2,377.29867899327405,191.28334266319652,2.3075335377917536,179.0,0.6614907704385065,0.0,0.4184575663347795,5,False,368.432182089584,89.97427058588342,2.729817934850608,215.0,1.0,0.0,-0.1215645617975899,5,False,370.3979315182386,139.56932806709403,2.550594777532466,192.0,1.0,0.0,-0.0851929547686702,5,False,344.42069707916613,245.26411171332205,2.2664470043240423,222.0,0.0088335101313837,1.0,0.0069523879951043,6,False
22E3F76BFE844531E0631518000A2690,1,377.080837036168,191.32128666977448,2.2999000796988978,173.0,0.9447445855186536,0.0,0.3371172953637694,4,False,369.9140682154909,90.33604654797223,2.690539189601696,205.0,1.0,0.0,-0.0519033143795018,5,False,370.8762009207336,139.47144010090972,2.545850083733188,187.0,1.0,0.0,-0.1205156176535393,5,True,344.33883752140446,245.1797598334732,2.2653320895599456,228.0,0.0,1.0,0.0698079786750223,6,False
22E3F76BFE844531E0631518000A2690,2,377.57505524264315,191.30427411726671,2.3124653428455897,180.0,1.0,0.0,0.4181057082197606,5,False,370.089106335377,90.37839110538793,2.6793919244114206,216.0,1.0,0.0,-0.0998957607211372,5,False,370.9272968678495,139.46173129923673,2.5444689784588674,198.0,1.0,0.0,-0.0991353142548305,5,True,344.40711349191014,245.2506460310186,2.2641628728184884,232.0,0.0,1.0,0.0138365122826161,6,False
22E413B2B833D530E0631518000AA6C5,1,376.3626740300999,191.26129711955753,2.3064815478899514,177.0,0.5173452538064794,0.0,0.1147111301454398,4,False,364.83054381146417,89.09978096568786,2.867298411301251,143.0,1.0,0.0,-0.0398308416284108,4,False,371.96302011732286,138.99667846997747,2.541640798546934,165.0,0.0,0.0,0.0629460399147585,4,True,343.4908429347139,244.30330127719648,2.274063124282141,211.0,0.0,1.0,0.0,6,False
22E413B2B833D530E0631518000AA6C5,2,378.8846099399549,191.40329882758195,2.3512675093623367,170.0,1.0,0.0,0.4143170323007945,4,False,369.68646081278206,90.28013208184318,2.6929965157513553,206.0,1.0,0.0,-0.0455201502596807,5,False,371.030859375,139.44023603711807,2.557158028738839,185.0,1.0,0.0,-0.1667974925094417,4,True,344.3562876540756,245.19791379965588,2.2602279345775407,246.0,0.0,1.0,0.0037112828513771,7,False
22E612A720BC4861E0631518000AE1A7,1,378.64932514213785,191.40167316080723,2.343096923822536,175.0,1.0,0.0,0.4246212957145842,5,False,368.6479332167464,90.02816523326585,2.7266197114184076,200.0,1.0,0.0,-0.0982292154134239,5,False,371.32777298865,139.3416009777844,2.554567792888325,186.0,1.0,0.0,-0.1143941754903628,5,True,343.83625377746546,244.66029744258844,2.262904837916015,247.0,0.0,1.0,0.0054888654931012,7,False
22E612A720BC4861E0631518000AE1A7,2,379.343156618046,191.45575193697255,2.3622789406828697,171.0,1.0,0.0,0.3658620397190744,4,False,370.1425873106132,90.39183631873433,2.684275231052434,197.0,1.0,0.0,-0.0333740773227961,5,False,371.4763042010056,139.19725294021228,2.546623081362533,184.0,1.0,0.0,-0.1598653767267238,4,True,343.9934300685561,244.82303517335535,2.2645458316223794,238.0,0.0,1.0,0.0,6,False
22E612A720BC4861E0631518000AE1A7,3,375.1321444952252,191.7187139166908,2.278682923480585,172.0,0.1000000238418579,0.1969277845078242,0.1134365840461954,5,True,369.5870205888576,90.25548501266947,2.696929679175212,214.0,1.0,0.0,-0.1298485028902337,5,False,370.5412209923391,139.5403587835488,2.5501339999622727,191.0,1.0,0.0,-0.0817564515997618,5,False,343.9091566132336,244.73613397861885,2.268983505605682,223.0,0.0,1.0,0.0416419573915683,6,False
22E612A720BC4861E0631518000AE1A7,4,375.3227647156063,191.6896925648119,2.284450034922391,175.0,0.1000000238418579,0.195124477148056,0.1954172595083418,5,False,368.86536676526646,90.07866230840268,2.7184225584573793,212.0,1.0,0.0,-0.1842211263431251,5,False,369.65494272838686,139.7198629297295,2.5675930553316046,187.0,1.0,0.0,-0.1286800256089699,4,False,344.7208318748439,245.5748713786808,2.2632429824035203,228.0,0.0,1.0,0.0591344633882609,6,False
22E612A733AD4861E0631518000AE1A7,1,375.492328600563,191.73689732698048,2.2881373224156856,172.0,0.1000000238418579,0.195124477148056,0.3637764091672211,5,False,369.3754174975044,90.20510680751777,2.7040063943750283,210.0,1.0,0.0,-0.1784361443889852,5,False,368.7893975707225,139.89498995338263,2.582964624294311,185.0,1.0,0.0,-0.0064555637833066,4,False,344.02307678640426,244.85339487966888,2.2618245684849367,247.0,0.0,1.0,0.0399281788241894,6,False
22ED4A2634EAE233E0631518000AE082,1,378.7235297185807,191.37567103909268,2.346239787742307,164.0,1.0,1.0,0.3784641913484051,4,False,368.9224966914276,90.09496786546899,2.7261853571524806,168.0,1.0,0.0,-0.0569779501061327,4,False,372.8759983630817,138.62233295449343,2.5497432752931286,160.0,0.0,0.0,-0.0928565343208986,4,True,343.80678386465416,244.62986228663772,2.2625023234124524,247.0,0.0,1.0,0.082025317967961,7,False
22ED4A2634EAE233E0631518000AE082,2,377.5405518432588,191.30495780117985,2.3126341801117847,177.0,1.0,0.0,0.3995476192663235,5,False,370.42244893109,90.45844983753152,2.673780021037525,213.0,1.0,0.0,-0.0883858280866283,5,False,370.71416675091456,139.50490493025384,2.549777848105277,189.0,1.0,0.0,-0.1905771569279642,5,False,343.6551139313103,244.47279625463895,2.2649208549270057,244.0,0.0,1.0,0.0141978948454363,7,False
22ED4A2634EAE233E0631518000AE082,3,376.7630711417614,191.27547912597657,2.294718321705662,175.0,0.5119961289522041,0.0,0.4350821852470384,5,False,370.0548047595144,90.37030385679616,2.684927339941205,209.0,1.0,0.0,-0.0934510530122128,5,False,369.26846474899054,139.79698333849305,2.573919089885164,188.0,1.0,0.0,-0.2061107435381523,5,False,343.56644598871685,244.38109802685196,2.2658749707311174,241.0,0.0,1.0,0.0145290080431125,6,False
22ED4AB85371E74AE0631518000A7DE7,1,375.0847716266255,191.70274321783344,2.283084305555304,152.0,0.1000000238418579,0.195124477148056,0.3449264710457954,4,True,369.729378396164,90.2904293904036,2.693316580681581,201.0,1.0,0.0,-0.1190514059356966,5,False,369.1144349192888,139.8292512798359,2.579992075044803,171.0,1.0,0.0,-0.1086906412781992,4,False,343.0995500716295,243.89889004827964,2.265686036800812,242.0,0.0,1.0,0.0804501802703447,6,False
22ED4AB85371E74AE0631518000A7DE7,2,377.7215335235727,191.30986595552488,2.31869434750448,176.0,0.9739203509202116,0.0,0.4299852824454434,5,False,370.4610800482656,90.46879445536388,2.672463745690323,214.0,1.0,0.0,-0.1130683815281784,5,False,370.75641969297453,139.4968950494191,2.547337601249752,191.0,1.0,0.0,-0.1135329146726883,5,False,344.5475893157521,245.39531799024368,2.262815113843343,234.0,0.0,1.0,0.0163401024834961,6,False
22EF3B222B795C63E0631518000AFD69,1,376.1421829216532,191.76486313623496,2.3028008746601394,162.0,0.208133243021433,0.1759923583404587,0.327419341918757,4,False,368.7548251786636,90.05437952365784,2.7242342279766487,199.0,1.0,0.0,-0.1118183146338546,5,False,368.606030910749,139.93191767525397,2.589150576717133,181.0,1.0,0.0,-0.099391494604775,4,False,343.41479123178846,244.22472988566807,2.2650939928970293,242.0,0.0,1.0,0.0972385689914543,6,False
22EF3B222B795C63E0631518000AFD69,2,378.7464147533744,191.3927067489253,2.3522979575579126,158.0,1.0,0.0,0.4075887049616252,4,False,368.3938938987654,89.96400497557033,2.7333916250026,205.0,1.0,0.0,-0.2134248610329896,5,False,370.90831151501885,139.46662271433863,2.548532091338059,177.0,1.0,0.0,-0.0298092129543937,4,True,344.0541588567918,244.88565654139364,2.26300068824522,243.0,0.0,1.0,0.0028152521924986,6,False
22FB43474798B8E2E0631518000ADFE6,1,375.92355466778594,191.76718135468175,2.299276334211589,169.0,0.2487948337138845,0.1026784212767186,0.3283846903079816,4,False,375.0390559445668,91.21553280540036,2.6066138437478847,162.0,1.0,0.0,-0.0587917665956213,4,True,370.4287187920683,139.56359928815132,2.559581956259164,161.0,1.0,0.0,-0.5890790447140575,4,False,344.63423845951866,245.4851052168864,2.2713371768610062,193.0,0.0,1.0,0.0105863577066094,5,False
22FBD534CF568CF5E0631518000AEDCF,1,375.5605774618332,191.76330322312603,2.291434486642716,174.0,0.1000000238418579,0.1962652486238886,0.2066721811847887,5,False,369.2520290019457,90.17513387358,2.7075624070371886,209.0,1.0,0.0,-0.0994154447179299,5,False,368.6802985396647,139.9167493162443,2.586574678751146,183.0,1.0,0.0,-0.0790746941760632,4,False,344.32318062514076,245.16357739832293,2.260670856614554,245.0,0.0,1.0,0.116576846446494,6,False
22FBD534CF568CF5E0631518000AEDCF,2,378.1696316403245,191.3342169551492,2.3308978580563764,174.0,1.0,0.0,1.0,5,False,366.9987259385008,89.62670898437499,2.7877049460914565,178.0,1.0,0.0,-0.2305227292481786,5,False,372.738232853316,138.67893825670686,2.5474845191749407,165.0,1.0,0.0,-0.1584877268527383,4,True,344.54842178893847,245.3966587333647,2.2582706896364946,249.0,0.0,1.0,0.0150311830333233,7,False
22FC3DB008280EC9E0631518000A8940,1,380.68097416291175,191.50827712696537,2.4141288075506595,144.0,0.0,0.0,1.0,4,False,370.3177370717041,90.43423678614052,2.68463316376374,165.0,1.0,0.0,-0.050146597169096,4,False,371.2211294060371,139.40308998424803,2.5586719685208372,135.0,1.0,0.0,0.141133249857567,3,True,344.8426085015144,245.70046345404376,2.261214706765394,232.0,0.0279836946222795,0.5812572318617316,0.0088399268493356,6,False
22FC3DB008280EC9E0631518000A8940,2,377.804091015442,191.32089599456847,2.3296064735700166,156.0,0.0,0.0,1.0,4,False,369.0780461086904,90.13280925038926,2.7151927338786823,177.0,1.0,0.0,-0.0347409982710185,4,False,370.423331502102,139.5639075222504,2.555871624248834,154.0,1.0,0.0,0.0777075476653281,3,False,344.26109747018955,245.0996096170008,2.257678607668423,254.0,0.0,1.0,0.0473298995082386,7,False
22FC3DB008280EC9E0631518000A8940,3,377.67700683863086,191.34428302515195,2.316973256550457,176.0,1.0,0.0,0.6989364068161538,5,False,368.0561181384472,89.88345368381174,2.745625630818987,190.0,1.0,0.0,-0.0424987876817433,5,False,370.0414503724882,139.64066725190244,2.561698451155664,171.0,1.0,0.0,-0.3570253142866826,4,False,344.3162114787112,245.15621251659368,2.2597184209536327,249.0,0.0,1.0,0.0500016594760034,7,False
22FC3DB008280EC9E0631518000A8940,4,377.3411568441736,191.31011719485363,2.3057414319716303,173.0,1.0,0.0,0.443020013125546,5,False,367.9608825285322,89.86160237746371,2.7471349204345006,210.0,1.0,0.0,-0.1552185577825076,5,False,369.43410411819775,139.76387149950668,2.5708611682030855,188.0,1.0,0.0,-0.1029706680984758,5,False,344.4467895473581,245.29117678365745,2.2585719720206097,250.0,0.0,1.0,0.0231899087854247,7,False
22FD20C3295B2EF6E0631518000AFA14,1,378.5571004378565,191.4066454125846,2.350053963158347,142.0,0.6380908919850367,0.0,0.8566709657691808,4,False,367.3836722637146,89.72031369097846,2.769885322939762,191.0,1.0,0.0,-0.1895830667588049,5,False,370.1845406248035,139.6123992559374,2.5577651234054817,163.0,1.0,0.0,0.0467986156291796,4,False,344.3265169401347,245.16701654085088,2.258990674943856,249.0,0.0,1.0,0.0398902795062645,7,False
22FD20C3295B2EF6E0631518000AFA14,2,377.47791067967177,191.3255919565432,2.313712649088621,168.0,1.0,0.0,0.6875457468798368,4,False,367.86852315920254,89.83770070061917,2.7510482155806986,198.0,1.0,0.0,-0.0480293147252978,5,False,370.2347419787134,139.60219200364006,2.559603961069497,168.0,1.0,0.0,-0.1330053921723989,4,False,343.9457777221173,244.773459305506,2.2605720341947566,252.0,0.0,1.0,0.0638275020087284,7,False
230073DF7BE89BE2E0631518000A9140,1,375.7821131491512,191.7579002096481,2.2982098519776,164.0,0.1000000238418579,0.1954005003958292,0.7690338296610543,4,False,366.2722975602251,89.4499665716377,2.8060047151116114,196.0,1.0,0.0,-0.018544271690319,5,False,368.4294271181103,139.9670591473187,2.5941745549199777,170.0,1.0,0.0,-0.0588641764141628,4,False,343.55755087371824,244.37225500025744,2.2642748862994657,246.0,0.0,1.0,0.0030286584673347,7,False
230073DF7BE89BE2E0631518000A9140,2,375.7753566419765,191.77387598713207,2.2995502742323324,155.0,0.1000000238418579,0.1968739051781621,0.9724721535458642,4,False,367.2906688324028,89.6982776342262,2.770729356702501,198.0,1.0,0.0,-0.111621364264588,5,False,367.84462191209263,140.08561737416056,2.605796159081193,166.0,1.0,0.0,-0.0462155949812395,4,False,343.6043147831173,244.42066603440503,2.2643218695462406,245.0,0.0,1.0,0.0053607993042812,7,False
230079048A35DE1FE0631518000A10AC,1,375.3235244234007,191.73712872978567,2.2875071589153264,170.0,0.1000000238418579,0.1966629061851141,0.39198540392825,4,False,366.3553383264068,89.47012544453251,2.8004112010629703,205.0,1.0,0.0,-0.1019851033478373,5,False,368.4748378783312,139.9582649429816,2.5907194805425826,184.0,1.0,0.0,0.0034455260792793,4,False,343.60776401656307,244.42413627053136,2.264850079334421,243.0,0.0,1.0,0.0112668064668363,6,False
230079048A35DE1FE0631518000A10AC,2,376.72314557697774,191.28064348890973,2.296476571831464,174.0,0.9221322777677456,0.0,0.6914739985033351,5,False,369.4527312673864,90.22374036030445,2.7014973504769424,204.0,1.0,0.0,-0.0871809034076784,5,False,369.1365566330204,139.8238507020594,2.5789728338714317,176.0,1.0,0.0,-0.1732963381170338,4,False,344.32710246041665,245.1679221794951,2.259609405129236,248.0,0.0,1.0,0.0418457399473427,7,False
240617A47493B160E0631418000AB4A4,1,377.99463660083853,191.3262049930917,2.333658033910587,165.0,0.0,0.0,0.3153701337034059,4,False,369.0659734442877,90.12988365629072,2.7260583992722744,152.0,0.4501106142997741,0.0,-0.1351024815560829,4,False,371.85974253500376,139.04087153922555,2.544883188045113,141.0,0.3644371171901366,0.0,0.0308318577005564,4,True,343.92061434043165,244.74750793320047,2.260288980275295,253.0,0.0,0.711505361704894,0.0168212941810118,7,False
240617A47493B160E0631418000AB4A4,2,379.1400640946401,191.44378584849684,2.36098900022386,169.0,0.0,0.0,0.4455044228064863,4,False,369.04914136552947,90.12579703264083,2.7278246185955766,146.0,0.4837469200841504,0.0,-0.193234335035225,4,False,372.0167773341747,138.97652861656587,2.5382151312405288,140.0,0.0363909052802231,0.0,0.0767011906635543,4,True,344.6487337172014,245.49976925429849,2.25737629935267,251.0,0.0,0.6906879972378166,0.0531211705349412,7,False
240617A47493B160E0631418000AB4A4,3,378.92329678677095,191.40150204271373,2.3597740064753165,164.0,0.0,0.0,0.384716403698272,4,False,369.2117150663932,90.16496015400729,2.720641596892628,143.0,0.5233844518661499,0.0,-0.0608445286984843,3,False,371.37768650204174,139.23787018602317,2.563646622728916,129.0,0.0,0.0,-0.0066587180948593,3,True,344.20225264686866,245.03887477532163,2.2698711150830495,208.0,0.0,0.0,0.0593203475659357,6,False
240617A775A7B16CE0631418000ABE74,1,378.01952833097533,191.32302345164985,2.331114757960045,177.0,0.0,0.0,0.4473751855988118,5,False,369.5669337771161,90.25156710504922,2.7077882160252122,155.0,0.7538709125713738,0.0,-0.0401535991192428,4,False,372.0656107398626,138.95552839996424,2.5386002972085926,146.0,0.0,0.0,-0.2049661138555874,4,True,344.25599296364186,245.09415691573037,2.258408314802853,253.0,0.0,0.7140499383555402,0.0395879510052828,7,False
240617A775A7B16CE0631418000ABE74,2,375.5143104053985,191.67315579993607,2.291640965582288,171.0,0.0063791566287026,0.195124477148056,0.1565590621379108,4,False,367.9637451583401,89.86178587691398,2.752655857446634,178.0,0.8734111785888672,0.0,-0.0913925179668047,4,False,369.9799673389465,139.6539322465025,2.5699303026052376,160.0,0.0,0.0,-0.1830114264169964,4,False,344.3818923593869,245.2245882104671,2.2575682559296033,252.0,0.0,0.7384539256936627,0.0905251031638806,7,False
240617AB6201B172E0631418000AE706,1,373.6412583784431,191.45539220875233,2.259308675129988,159.0,0.1000000238418579,0.195124477148056,0.3112563618261626,4,True,367.4274234897636,89.7303727183897,2.7670044753578735,200.0,1.0,0.0,-0.1021845921703706,5,False,367.3793078511637,140.18009619863187,2.616150625444512,170.0,1.0,0.0,-0.1144400975677333,4,False,344.175038562342,245.01045598259023,2.2661967121490783,226.0,0.0,0.9249245276596022,0.06512192759928,6,False
240617AB6201B172E0631418000AE706,2,377.2625859803091,191.329609801884,2.3027189024986208,171.0,0.7771313926540241,0.0,0.491993652646606,4,False,368.3722377237327,89.96094477559383,2.739316039930201,172.0,0.9797950123351478,0.0,-0.0373379534462579,4,False,369.7332222709673,139.70340077118098,2.576852779783466,149.0,0.0151722364325557,0.0,-0.3626444978737605,4,False,343.28639467119814,244.0918440656175,2.2642674944062406,249.0,0.0,0.7391534539012604,0.0131385468404613,7,False
240617AB6201B172E0631418000AE706,3,375.70770908427386,191.77460888761073,2.293555896964103,176.0,0.0455527678132057,0.195124477148056,0.2093838583545794,5,False,368.2854862666202,89.93882628434794,2.737223320479535,205.0,0.8830342552421802,0.0,-0.1264593233508623,5,False,370.0326520389867,139.6424673400032,2.5612388313643577,188.0,1.0,0.0,-0.0920384848157055,4,False,344.659009893317,245.51053278069747,2.2670064526168923,212.0,0.0,0.7021144854787148,0.018816576791486,6,False
240617AB6201B172E0631418000AE706,4,376.8472594778463,191.267962394838,2.295006854745521,175.0,0.7696377563408378,0.0,0.3575629100587052,5,False,369.02988573503666,90.11991065461632,2.7114439913893302,215.0,1.0,0.0,-0.1980273954923727,5,False,370.42081651851527,139.56389037486505,2.5506238776815437,190.0,1.0,0.0,-0.0844046362724399,5,False,344.10591237408846,244.93865149178671,2.2592204522178796,251.0,0.0,0.7483162331788029,0.0324194043450274,7,False
240617AB6201B172E0631418000AE706,6,379.16892053845544,191.41039467742695,2.368342783373661,151.0,0.0171950677961525,0.1321151434506226,0.844666588930518,4,False,370.9352361505682,90.5840210281052,2.6757700393249935,153.0,1.0,0.0,-0.0437047914504171,4,False,372.5955045166016,138.73875384521483,2.5521704034805297,132.0,1.0,0.0,0.1070982594192028,3,True,344.4993561535347,245.34618210211033,2.256696491706662,255.0,0.0,0.7476694373095908,-0.0010007168237324,7,False
240617AB6201B172E0631418000AE706,7,375.43495042387735,191.73304839091767,2.291066741731117,150.0,0.1000000238418579,0.195742490869955,0.2533864043984639,4,False,368.8131183020338,90.066717816737,2.7218182317877737,204.0,1.0,0.0,-0.1650093873302062,5,False,368.76965456687014,139.8983914235356,2.5836784118242595,179.0,1.0,0.0,-0.017758871973936,4,False,344.24534117464594,245.08225225818583,2.2658664394457686,225.0,0.0,0.6764156818389893,0.0051114037229544,6,False
240617AB6201B172E0631418000AE706,8,376.8328557141059,191.2949929110772,2.3004961894676743,151.0,1.0,0.0394132381317461,0.4410911485618722,4,False,368.39369302980134,89.96546482628243,2.7331574917789476,206.0,1.0,0.0,-0.2041812542959513,5,False,367.8908527771272,140.07496119480507,2.602860304025503,180.0,1.0,0.0,-0.1587332776251781,4,False,344.23509233867617,245.07195748174425,2.2603651636351922,245.0,0.0,0.8402462031336456,-0.0024341055432118,7,False
240617AB6201B172E0631418000AE706,9,374.69153553783747,191.54933248877833,2.288155286048556,167.0,0.1000000238418579,0.195124477148056,0.1076430830443732,4,True,367.60020919125026,89.77203691294801,2.766225488651836,194.0,0.1454199817185735,0.0,-0.2120430424448086,5,False,370.8616479228727,139.47515083148326,2.5481586802777625,184.0,1.0,0.0,-0.0954835949773839,4,True,344.683407870206,245.535495411266,2.2657526016235354,215.0,0.0,0.9952923655509948,0.0165565411433238,6,False
240617AB6201B172E0631418000AE706,10,376.961092931713,191.2957667195964,2.298031458754339,169.0,1.0,0.0,0.3144445695834073,4,False,368.8798572057965,90.08480037918189,2.7194013038357556,213.0,1.0,0.0,-0.0833261350876298,5,False,369.578890717664,139.7345182381424,2.569011121737857,191.0,1.0,0.0,-0.0350718351644502,5,False,343.8140573943838,244.63577116286996,2.2661391764560297,236.0,0.0,1.0,-0.0066214269644488,6,False
240617AB6201B172E0631418000AE706,11,373.3931935628255,191.43329253020107,2.249242495607447,129.0,0.1000000238418579,0.1427814004321892,0.1542353806672272,3,True,369.1649200352509,90.15265007779809,2.7130084815527975,191.0,1.0,0.0,-0.198598962309014,5,False,370.66581082935176,139.5143280029297,2.550200862332809,160.0,1.0,0.0,0.0297590314510686,4,False,343.92426673812093,244.75405201767433,2.2682778925606697,220.0,0.0,1.0,-0.0159849420711962,6,False
240617AB6201B172E0631418000AE706,12,379.3632835707978,191.41670336694773,2.368242632557532,165.0,1.0,0.0,0.4361475053304683,4,False,367.5952234360778,89.76952354653366,2.75855958808973,199.0,1.0,0.0,-0.1752691402018648,5,False,371.853318126166,139.04474308526338,2.533460405691346,177.0,1.0,0.0,-0.0905556911241207,4,True,343.99276909063957,244.82010518885627,2.261533033363437,246.0,0.0,0.8172731287188777,-0.0411597812342253,7,False
240617AB6201B172E0631418000AE706,13,376.6254170735677,191.27317810058597,2.301762501398722,173.0,1.0,0.0,0.2318692555030187,4,False,366.9051176857135,89.60323302702017,2.7836179589349137,213.0,1.0,0.0,-0.2097379850355658,5,False,371.59294322314184,139.15191842179271,2.5449121406723783,194.0,1.0,0.0,-0.0461114347032502,5,True,344.6120491115526,245.4627571544428,2.2583882008475817,245.0,0.0,0.6648823353065841,0.0148780502635857,6,False
240617AB6201B172E0631418000AE706,14,367.9878144508336,191.40239013828108,2.2456496035483102,157.0,0.1000000238418579,0.195124477148056,0.1360100906297767,4,True,366.0994938916938,89.40498971939087,2.812577094622823,192.0,1.0,0.0,-0.1115057436955096,5,False,366.52128692091554,140.3515529833342,2.6358715362716136,156.0,1.0,0.0,-0.1029077877012784,4,False,341.50945490056813,242.25311244617808,2.2779779325832017,230.0,0.0,0.939612492918968,0.2675533694299784,6,False
240617AB6201B172E0631418000AE706,15,376.16006442527294,191.7733513463202,2.297952486019508,174.0,0.869043600059873,0.0,0.2243595335785292,4,False,368.5105037738241,89.99068746100967,2.7293235869517978,214.0,1.0,0.0,-0.1415626883774919,5,False,371.5899421562583,139.14996348666605,2.546601310961664,192.0,1.0,0.0,-0.0048375912747309,5,True,344.7833382426829,245.63874471913212,2.270367304138515,194.0,6.12196527704e-05,0.2645134511633195,0.0081351220229829,5,False
240617AB6201B172E0631418000AE706,16,376.89274001389407,191.25823132375652,2.295936160542992,174.0,0.6397472005546762,0.0,0.2174115900494409,4,False,368.1182889711888,89.8974229113093,2.7467860903463137,211.0,0.0,0.0,-0.2939632284334592,5,False,371.9140710572938,139.0171728391905,2.5268236253712626,196.0,1.0,0.0,-0.0555530970261709,5,True,344.3787162815599,245.22201213227012,2.2603117978736145,243.0,0.0,0.7646921873092651,0.1184554624681671,7,False
240617AB6201B172E0631418000AE706,17,376.7854321038545,191.30669767465164,2.295787950060261,173.0,0.8975746295790173,0.0,0.3815533212983786,5,False,368.5626806014624,90.0073991824419,2.7257035169845967,213.0,1.0,0.0,0.0016767566354993,5,False,369.5811762420224,139.73404136980085,2.568129945808733,190.0,1.0,0.0,-0.0981675478774057,5,False,344.34281614848544,245.18253547804696,2.2583316809364726,252.0,0.0,0.7995997071266174,-0.0011048067909931,7,False
240617AB6201B172E0631418000AE706,18,379.7346284654405,191.48060678231596,2.378222281884665,159.0,1.0,0.0,0.6936713119949957,4,False,369.60670364635615,90.25738383138646,2.6996525893997214,195.0,1.0,0.0,-0.1044140272518859,5,False,370.3534539581105,139.5789704899879,2.557098757309519,166.0,1.0,0.0,-0.0439831635552891,4,False,344.6247735274465,245.48001078555455,2.2578817292263635,247.0,0.0,0.8492651150414818,-0.0309737308722871,7,False
240617AB6201B172E0631418000AE706,19,374.4485754966736,191.53110965092975,2.2879737011260457,165.0,0.1000000238418579,0.1958715585189767,0.2342935500330188,4,True,369.4943270115037,90.23067373562353,2.6991722321263247,210.0,1.0,0.0,-0.0780316390521785,5,False,370.8404898071289,139.4794595336914,2.5455991983413693,186.0,1.0,0.0,-0.0103215673938393,4,True,344.58641463327626,245.43820726925924,2.257846982783923,247.0,0.0,0.8326687216758728,0.0621338149779327,7,False
240617AB6201B172E0631418000AE706,20,376.17492877337946,191.2726322404036,2.3047773757724896,172.0,0.4330075364824093,0.0,0.200904546457455,4,False,368.4495289078176,89.97585765129881,2.732630605743231,202.0,1.0,0.0,-0.1474608201024636,5,False,372.1083348807642,138.93847064648645,2.5272343350669084,192.0,1.0,0.0,0.001715760088577,5,True,344.6922468981206,245.54565886945915,2.256519601439798,252.0,0.0,0.7847235798835754,0.1226559198455305,7,False
240617AB6201B172E0631418000AE706,21,376.8484738907724,191.2695715562353,2.29576864332523,175.0,0.3521853235532652,0.0,0.318902516140128,5,False,369.08263154977857,90.13544321484665,2.7167238679767007,183.0,1.0,0.0,-0.0082361471316934,4,False,370.74231760125406,139.4985610914673,2.5535236268589734,171.0,0.0,0.0,0.0007141530225428,4,False,344.8131010516233,245.67103511216135,2.256428542040272,250.0,0.0,0.8537641167640686,0.0395129807019129,7,False
240617E95F99B5B8E0631418000A9B65,1,375.50053179775216,191.659239288498,2.290741271637572,175.0,0.0106518939521325,0.195124477148056,0.2589734845021642,4,False,368.74397079571753,90.0516677681793,2.7318222954394806,176.0,0.539131760597229,0.0,-0.215510718956816,4,False,370.2112338437,139.60700168653167,2.5629051453428904,166.0,0.539131760597229,0.0,-0.0643752912778136,4,False,343.9407288992141,244.76830061689665,2.2588836452132357,254.0,0.0,0.6889162558951971,0.0570805821791592,7,False
240617E95F99B5B8E0631418000A9B65,2,373.8158262870076,191.47072201034956,2.262847059822352,151.0,0.0625923706884393,0.195124477148056,0.4301639690036334,4,True,367.1549665361516,89.664530739167,2.774881623717155,194.0,1.0,0.0,-0.1057662844159779,5,False,366.4949395167588,140.3590504827885,2.6368220901551087,159.0,1.0,0.0,-0.142075191618867,4,False,343.52059001709887,244.33385486248255,2.2674186997254098,235.0,0.0,0.837722897529602,0.1052181537709714,6,False
240617E95F99B5B8E0631418000A9B65,3,376.9033360635081,191.31376318376496,2.294815708845227,174.0,0.0845444162401042,0.0,0.3297200391453078,5,False,367.6381242540147,89.78099503340545,2.759063082712668,208.0,1.0,0.0,-0.1167126346931413,5,False,369.3244195832455,139.7859662225573,2.573544810534219,184.0,1.0,0.0,-0.2850738274634058,5,False,344.0939633057807,244.92681220221567,2.260268478656157,250.0,0.0,0.7404210580370003,0.0933735375011292,7,False
240618447C59C782E0631418000A6FCA,1,375.680789463227,191.7639793941824,2.2967025280695785,166.0,0.1000000238418579,0.1971701674918669,0.3130529395034603,4,False,371.2688124659224,90.66505856242317,2.6606521629147704,195.0,1.0,0.0,0.0118162063899432,5,False,369.54361427632233,139.7434831087986,2.575075002575527,169.0,1.0,0.0,-0.0211167401382393,4,False,344.1311495731763,244.96509007718691,2.269068160445906,217.0,0.0,1.0,0.0157920151950947,6,False
240618447C59C782E0631418000A6FCA,2,374.6655041589163,191.55219112838827,2.286727470811311,171.0,0.1000000238418579,0.1969006667976693,0.2124992606072707,4,True,370.27322099870656,90.42301515304922,2.680616518486304,202.0,1.0,0.0,-0.0343478073344182,5,False,368.34705648986784,139.98454500061288,2.598469267408816,172.0,1.0,0.0,-0.1946835318748796,4,False,344.18489872347453,245.02066131611076,2.2666428025131804,224.0,0.0,1.0,0.0158944486401238,6,False
240618447C59C782E0631418000A6FCA,3,375.43627973758817,191.72932534145588,2.2939293088222086,148.0,0.0370301111913497,0.1977777465204284,0.3229800071990625,4,False,369.2904391452741,90.18367400526277,2.7079024279511463,201.0,1.0,0.0,-0.0895876657024317,5,False,368.7391697145858,139.9049753153099,2.5859518748409345,172.0,1.0,0.0,0.0031073189270243,4,False,344.15971177067,244.99460161873677,2.2652379601473616,230.0,0.0,1.0,0.0157250813808224,6,False
2413BB6D8895C2B7E0631418000AA98A,1,366.5830686559885,191.27775942428127,2.2588288769687948,166.0,0.1000000238418579,0.195124477148056,0.3444253874088164,4,True,369.8520300733129,90.32045133198771,2.6969926762832848,143.0,1.0,0.0,-0.321750093902695,3,False,370.02286160163993,139.64431952530717,2.571127606919369,128.0,1.0,0.0,0.0622294407941957,3,False,339.67901555531574,240.36346791604495,2.269522041464208,226.0,0.0836287912883924,0.693443032167179,0.2236289323249582,6,False
2413BB6D8895C2B7E0631418000AA98A,2,372.32574646268046,191.33540299559456,2.211804948651358,138.0,0.1000000238418579,0.195124477148056,0.5472976526433991,4,True,365.66641999299753,89.30284015425191,2.837122388115114,158.0,1.0,0.0,-0.1811283977809799,4,False,367.22439827712094,140.211114970033,2.6258234722703304,135.0,1.0,0.0,-0.3539186419560136,3,False,340.2294778979892,240.93231431008303,2.281970210935123,220.0,0.0,0.6782636140587622,-0.0681735985357533,6,False
2413BBA91919C73CE0631418000A39C3,1,376.2472900020665,191.27757869856333,2.301154155129756,177.0,0.4046813778036793,0.0,0.1507245690797595,4,False,368.2800943353843,89.93743559314659,2.7335524990656443,175.0,1.0,0.0,-0.0619858039263578,4,False,372.1581117186169,138.91914548770785,2.526678784238527,163.0,0.0,0.3427015542984009,-0.0079228927532125,4,True,344.46635232042905,245.3115487169864,2.2531230093827888,248.0,0.0,0.920167494176039,0.0816308150985347,7,False
2413BBA91919C73CE0631418000A39C3,2,374.9410263119104,191.59225023953417,2.2874775104574114,155.0,0.0956725627183914,0.195124477148056,0.1332164822996787,4,True,369.56946025158544,90.25153314850385,2.6962461476869577,183.0,1.0,0.0,-0.1076551172266739,4,False,371.92984318577385,139.01249536501817,2.527860361863585,163.0,0.4440222680568695,0.0,-0.1074310033886504,4,True,344.06161070405767,244.89336485525513,2.260164115733054,214.0,0.0,0.8603087663650513,0.007916520684385,6,False
2413BBA91919C73CE0631418000A39C3,3,377.30936267145927,191.30069597136193,2.3024932876297743,168.0,1.0,0.0,0.2636814951029524,4,False,369.0713600163511,90.13035011893952,2.7037412151835496,217.0,1.0,0.0,-0.1101483402541936,5,False,370.51288126827615,139.54642054739963,2.5414006986309974,189.0,1.0,0.0,-0.043546175373603,5,False,344.31939863347685,245.15930457774743,2.2535917014221485,247.0,0.0,0.9488907533944868,0.0151883822314329,7,False
2413BC92EB7ACDA2E0631418000AFBFC,1,377.263750532168,191.3047991835261,2.312703992492105,161.0,0.0,0.0675651505589485,0.6514665040954087,4,False,371.08260213597566,90.62055897273245,2.677020009918175,139.0,0.4080351128045343,0.0,-0.1752935293342495,3,False,370.9638113559497,139.45532186934963,2.558363037943255,130.0,0.3156240584460417,0.0,0.136519063011996,3,True,344.51237932537134,245.3591253446125,2.2645170805490107,225.0,0.0,0.0480962654526275,-0.0223350515669448,6,False
2413BC92EB7ACDA2E0631418000AFBFC,2,371.4802098566914,191.25466663565652,2.194918462714756,138.0,0.0667501337942711,0.195124477148056,0.115937991351105,4,True,369.91991355513034,90.33697069142819,2.6945734739881946,181.0,0.8139467239379883,0.0,-0.0395556670339177,4,False,370.26869707414113,139.5955357224293,2.5595621980344805,152.0,0.8334172368049622,0.0,-0.0527626504558425,3,False,340.7721579149796,241.49335634379605,2.2854199922948863,218.0,0.0,0.741665638510121,0.1720946983788508,6,False
24145536B084D7CFE0631418000A3C46,1,375.19758734097024,191.67191124928857,2.2820798919630754,150.0,0.0981542750949905,0.1982214916732505,0.1475949764760998,4,True,371.8437587227127,90.78338518779475,2.6435835518812767,195.0,1.0,0.0,-0.0544168531810315,5,True,369.0213351653137,139.84853296432695,2.574695442948192,162.0,1.0,0.0,-0.0838919608927348,4,False,343.7859618058346,244.6083385883503,2.2555418858984906,246.0,0.0,1.0,0.0724894865190014,6,False
24145536B084D7CFE0631418000A3C46,2,377.74654295851934,191.3238050705692,2.312996212946432,179.0,1.0,0.0,0.4277221253912112,5,False,371.228267971748,90.65608895936131,2.655153842915913,195.0,1.0,0.0,-0.055362332136341,5,False,368.661894803009,139.91981644905144,2.5831660294250782,177.0,1.0,0.0,-0.3879710094124158,5,False,343.73987230282535,244.56045587118,2.26459489350302,206.0,0.0,0.3503975610971813,0.0137794533072977,5,False
2414894F09017C10E0631418000AA639,1,373.4541914307607,191.43999243805592,2.2407301549202847,169.0,0.0,0.195124477148056,0.3463296915317787,4,True,373.41457362527814,90.85261786350473,2.6337527277794646,157.0,1.0,0.0,-0.015473362740362,4,True,369.5484933525769,139.74166194797388,2.565647613753237,162.0,1.0,0.0,-0.0214551423213074,4,False,344.2836213326413,245.122710153584,2.2518226184821213,254.0,0.0,0.6781550371936186,0.027503865416822,7,False
241635843C65DD5CE0631418000A0F21,1,379.1649724271472,191.41978060916983,2.3543610435829883,173.0,0.0,0.0,0.2688319480303412,4,False,371.92099500430953,90.61835084108137,2.653911808632445,148.0,0.9620407609538634,0.0,-0.0429957485560077,4,True,374.72663091877234,138.84372141545,2.5331030112796165,154.0,0.8562795262122314,0.0,-0.1405264315808255,4,True,343.5936963425748,244.40961072827304,2.254978631269356,256.0,0.0,0.6807927937754377,0.0144529858014957,7,False
241635843C65DD5CE0631418000A0F21,2,376.8678292199506,191.30595583802383,2.2882179074139217,177.0,0.0859215294182899,0.1227053894680095,0.1348227678850919,5,False,375.23553439891185,91.2586408997805,2.5964292753134504,124.0,0.7572382909870071,0.0,0.4440577133928681,3,True,371.82015782384286,139.056103025755,2.5324610602195103,166.0,0.8132923044553759,0.0,-0.3319806422831814,4,True,344.10155786457926,244.93436744405253,2.251546481393514,255.0,0.0216503420849583,0.691562462066344,0.0679187238313808,7,False
241635843C65DD5CE0631418000A0F21,3,380.2747340906619,191.460235244714,2.3829552743394493,183.0,0.5665861944381608,0.120705347751734,0.311196908210438,5,False,367.8189628532341,89.82682057973501,2.7688991851634808,82.0,1.0,0.0,0.8637197382815249,1,False,377.32412420289984,137.7493802536148,2.5392025043412687,151.0,1.0,0.0,-0.3329789712842331,4,True,344.1983498680892,245.03436574277848,2.252441293960856,257.0,0.1000000238418579,0.6812520134553459,0.0121830569635089,7,False
2416ACD48C5F1DC8E0631418000A5E8A,1,371.6090637295751,191.26518888995503,2.1951001190206294,132.0,0.1000000238418579,0.194828743977115,0.2504167957195929,3,True,369.1597174245142,90.1523651982941,2.7121524444787037,152.0,1.0,0.0,-0.1062374354898554,4,False,368.45943827218895,139.96160039997713,2.5948424198806874,121.0,1.0,0.0,-0.5375726083271057,3,False,341.9861701336478,242.74812562340875,2.2692506746027745,224.0,0.0,0.7558148040165164,-0.0083292890999808,6,False
2416B1DFFC8B5B9AE0631418000A7B9F,1,374.8541877210175,191.6811421838516,2.2812619324399463,160.0,0.1000000238418579,0.1968060339786795,0.6465519623537019,4,True,368.09369599859184,89.8934600957741,2.736138301185621,192.0,1.0,0.0,-0.0711682521229803,5,False,367.22945656276016,140.20946145416872,2.6104251704918497,165.0,1.0,0.0,-0.0961904319893078,4,False,344.021323882673,244.851609577778,2.2549873583866686,247.0,0.0,1.0,0.0383814904896115,6,False
2416B1DFFC8B5B9AE0631418000A7B9F,2,377.8642142770148,191.32457541986275,2.317461806958353,173.0,1.0,0.0,0.832821974053757,5,False,369.85785179977046,90.32223845718958,2.685357166811729,181.0,1.0,0.0,-0.122936724165494,4,False,368.7071116571841,139.91029743931293,2.5841587601344433,167.0,1.0,0.0,-0.32101385988167,4,False,344.3396732333547,245.1805598435519,2.253154894102456,246.0,0.0,1.0,0.0049687835200125,7,False
2416B1DFFC8B5B9AE0631418000A7B9F,3,375.8643852682674,191.72086397058823,2.292421307283289,176.0,0.1782252800815245,0.1388827160877339,0.3803199929349562,5,False,370.04271992683726,90.3672874220104,2.6775875197657317,203.0,1.0,0.0,-0.0732110153892356,5,False,369.4546228388553,139.75974527222976,2.563972184799148,176.0,1.0,0.0,-0.1218120679372359,4,False,343.75366083709287,244.57483848894145,2.256138318827454,248.0,0.0,1.0,0.0246519429761339,7,False
2416D90E4C467872E0631418000A832C,1,377.56420779581015,191.35126050468108,2.3099950505755156,162.0,0.2166323363780975,0.0,0.6234792507364305,4,False,371.01421112823135,90.6040164544869,2.6659246134968457,171.0,1.0,0.0,0.0382870580948911,4,False,371.88050511372626,139.03381818896503,2.5307914202193404,161.0,1.0,0.0,0.0670984317094561,4,True,344.0617879743504,244.89341106046876,2.2547724009339563,249.0,0.0,0.8225080376137223,0.0264339089592706,7,False
2416D90E4C467872E0631418000A832C,2,374.86985433445057,191.67170338571808,2.2857937665633212,165.0,0.1000000238418579,0.195124477148056,0.2557922950620023,4,True,369.6604869224725,90.27455210747021,2.6928797494476435,184.0,1.0,0.0,-0.1555881340917182,5,False,370.7827722617829,139.4922409483161,2.5405741504938955,168.0,1.0,0.0,0.2356871265695389,4,False,343.49072181703843,244.3031438796372,2.2586193144816584,242.0,0.1000000238418579,0.6825697420149469,0.0142109469774458,7,False
2416D90E4C467872E0631418000A832C,4,375.8234004683167,191.73906712131645,2.288844555275131,155.0,0.1000000238418579,0.1990635688452206,0.0490076439837278,4,False,370.14584969981297,90.3921063644651,2.6759094218399344,195.0,1.0,0.0129104070365428,-0.0566191992868151,5,False,368.6732023665049,139.9189782712267,2.5791672536118115,161.0,1.0,0.0111211326268905,0.1550976534328062,4,False,342.9912467492542,243.78711043992047,2.2659460854078692,214.0,0.0,1.0,0.0171140090136204,5,False
2416D90E4C467872E0631418000A832C,5,377.15187754313143,191.2732737223307,2.295975131988525,173.0,1.0,0.0,0.1844865119457244,4,False,367.2656362315836,89.69062619143969,2.770052959494395,161.0,1.0,0.0,-0.6366363574380743,4,False,370.41493920804896,139.56486831606577,2.5482507607032514,174.0,1.0,0.0,-0.2766777328147742,4,False,344.0205620363763,244.85001476030993,2.2592170002157252,222.0,0.0,1.0,-0.0524646925967548,6,False
2416D90E4C467872E0631418000A832C,6,352.4676988669992,191.1280595763656,2.117795437820687,121.0,0.1000000238418579,0.1717158393426374,0.222269800986797,3,True,369.4973038414971,90.2341603950726,2.6974780304159385,169.0,1.0,0.0,-0.1011782761612575,4,False,366.33999799683033,140.39097042234943,2.6387707290671014,126.0,1.0,0.0,-0.1792474763039689,3,False,338.76292224414215,239.4177192433872,2.2450931269839973,194.0,0.5488979845985158,0.0876896293310118,-0.4857329204967094,4,False
2419F2EDDA7BDE23E0631418000AB9A6,1,375.6984838131944,191.7809176477952,2.2866000981707866,174.0,0.1000000238418579,0.1965420292298248,0.2893236423883212,5,False,368.55219822160024,90.00349823243076,2.7212097206273413,215.0,1.0,0.0,-0.0849624760399328,5,False,369.46770899564285,139.75794495950748,2.5580788892960338,190.0,1.0,0.0,0.002839849056557,5,False,343.9239120989801,244.75091145635713,2.2561598135966863,243.0,0.0,0.9782322645187378,0.013272335358122,6,False
2419F2EDE22EDE23E0631418000AB9A6,1,376.4502524705176,191.2811991333476,2.3036891756147506,139.0,0.0199740603566169,0.2080904133258345,0.2529125482630293,4,False,367.44723822744794,89.7348158263878,2.7611000675396062,187.0,1.0,0.0,-0.0748904536776609,5,False,369.245402073734,139.802121528242,2.568397643665473,152.0,1.0,0.0,-0.0298297347669691,3,False,344.3924398681201,245.2352006104902,2.2540568792028512,243.0,0.0,0.8570324778556824,0.0408570325255651,6,False
2419F2EDE22EDE23E0631418000AB9A6,2,377.5637208713984,191.32501429842887,2.310044826321265,161.0,0.9761606088864048,0.0,0.2624318796309395,4,False,369.3727809353432,90.20460372810157,2.698853685912939,194.0,1.0,0.0,0.2034017421967829,5,False,370.1754539499779,139.61459857683397,2.5480477630297043,178.0,1.0,0.0,-0.0283220770450215,4,False,344.0424421523306,244.8734165477994,2.253986723408928,247.0,0.0,0.9736154079437256,-0.0118899172374081,7,False
241A214DC11E52D1E0631418000A4600,1,378.31321002137855,191.36372586379275,2.3310442140823224,160.0,1.0,0.0,0.8246428197061186,4,False,367.47534445220555,89.74283190629806,2.75760538838138,201.0,1.0,0.0,-0.0963022844932593,5,False,368.38920713867265,139.97586137462545,2.5839986295565844,174.0,1.0,0.0,-0.1181332814305217,4,False,344.45527338795534,245.3001205921256,2.2522372300275744,249.0,0.0,1.0,0.0507760510482883,7,False
241A214DC11E52D1E0631418000A4600,2,376.3871087198672,191.78982009058413,2.3004438948372132,169.0,1.0,0.0,0.3827719019482964,5,False,368.6700446083142,90.03348615359955,2.7171900805573874,215.0,1.0,0.0,-0.1073828474972575,5,False,369.1435434045157,139.82344583553677,2.5693141419544503,188.0,1.0,0.0,-0.0675351174792265,4,False,344.3961046927688,245.2388937838687,2.252747840185819,246.0,0.0,1.0,0.024350719727133,6,False
241A214DC11E52D1E0631418000A4600,3,378.9450886886459,191.4134795413489,2.3485839065838183,164.0,1.0,0.0,0.7603481052604625,4,False,367.3239777493737,89.7057283511074,2.763921035038901,184.0,1.0,0.0,-0.0354435099774941,4,False,369.034212587832,139.84334250326987,2.5780393010503175,159.0,1.0,0.0,-0.2686202385583081,4,False,344.0630108714266,244.89508636399583,2.252762724095698,257.0,0.0201399841139027,0.8423991796586787,0.013995884496915,7,False
241A214DC6D452D1E0631418000A4600,1,376.4477967444028,191.25461229098912,2.304468128290377,175.0,0.5146036433003005,0.0,0.4346175872254707,5,False,368.8287303138485,90.07182608285487,2.711530880580555,213.0,1.0,0.0,-0.07030291848231,5,False,367.65783815608097,140.123105104599,2.6003931687367996,189.0,1.0,0.0,-0.1010623000270057,5,False,344.5844707733444,245.43365581835909,2.25279368092093,248.0,0.0,1.0,0.0084047016611215,6,False
246AB61EBAA8A12FE0631418000AD622,1,378.4880149495579,191.40277896820467,2.3506722363557255,129.0,0.0128727165854813,0.0,0.4060380171783255,3,False,366.421586089486,89.48543671643903,2.800311341167403,197.0,1.0,0.0,-0.1165010783498109,5,False,367.6012589581962,140.13427331740567,2.6112154439014534,162.0,1.0,0.0,-0.099081771104436,4,False,343.8203895836995,244.64376697840305,2.27098433417745,215.0,0.0,1.0,0.0021073247906571,6,False
246ABCC14029F19BE0631418000A0D25,1,377.0066833420922,191.27928796107665,2.3044072562139806,164.0,0.5331052316439912,0.0313565812490153,0.427465789300381,4,False,369.2799977643774,90.18061889858424,2.707599988224309,209.0,1.0,0.0,-0.0831321712429506,5,False,370.1762099058574,139.61416671141083,2.556034157504969,186.0,1.0,0.0,-0.0512608548550526,4,False,344.25026726623537,245.08808203960288,2.259240445716078,250.0,0.0015869382768869,0.7433972247456883,0.0497256449702425,7,False
2479A1B952955E4CE0631418000AD20C,1,377.5442486799647,191.30932416803205,2.3178176538648247,167.0,0.3961354063137991,0.0,0.5153115001384754,4,False,370.2700160968943,90.42192596848673,2.6791545991405026,213.0,1.0,0.0,-0.1464026426836668,5,False,370.6540329570625,139.5174576890757,2.5484873821028726,188.0,1.0,0.0,-0.0884706752678565,4,False,344.6949422488577,245.54768235708303,2.257066831809983,251.0,6.1673866767e-05,0.7280139761427941,0.030439249146282,7,False
247BA200EB7E84E0E0631418000A9640,2,373.94328755696614,191.4834920247396,2.2678232701619465,157.0,0.3560519496599833,0.1300829946994781,0.17333726922671,4,True,368.5586192991133,90.00558656361034,2.729529924878617,199.0,1.0,0.0,-0.1262415787801057,5,False,369.3169852491933,139.78741359971565,2.576628168051296,171.0,0.9217808403019422,0.0,-0.0925756201945789,4,False,343.80429956570737,244.62741153605663,2.2644864769240076,234.0,0.0,1.0,0.0356523063962309,6,False
247BA250168985AEE0631418000AF125,1,376.3865339496391,191.27421408140987,2.308748846872621,174.0,0.3019569472117121,0.0,0.3672220142629008,5,False,367.54217729306765,89.75733996858416,2.7676723205872658,175.0,1.0,0.0,-0.2736174113347405,4,False,369.85892908821194,139.67820640146857,2.5753454430879046,158.0,0.1787979981816523,0.0,-0.4787073494087426,4,False,343.96908177880715,244.79744654084604,2.259405297622743,252.0,0.0,0.7097047895902646,0.0560065700721782,7,False
247BA250168985AEE0631418000AF125,2,376.7823436250509,191.3046080145016,2.303406767203993,162.0,0.0,0.0,0.543779305844178,4,False,369.32027946634497,90.19111276180186,2.7137374719406693,173.0,0.9629673030465208,0.0,-0.2973999011706798,4,False,371.0870576286232,139.4289772886646,2.5710634524665252,150.0,0.0,0.0,-0.2580787483248835,4,True,344.262312584589,245.10058833801017,2.2536585431640757,264.0,0.0,1.0,0.0302773228452846,7,False
24C03FB89BB4F145E0631418000AB0B6,1,379.1943336168056,191.4251785187519,2.3663981437304766,145.0,1.0,0.062968105030451,0.6865440358399842,4,False,369.38051881265005,90.2046265993685,2.703490681127682,196.0,1.0,0.0,-0.0579120233001205,5,False,369.4072254184226,139.76995075828543,2.575379708817637,159.0,1.0,0.0,-0.0430403441157918,4,False,344.54627527672704,245.39417709875968,2.257694831034304,250.0,0.0,1.0,0.003300321101604,7,False
24C03FB89BB4F145E0631418000AB0B6,2,378.829475484424,191.3824712670888,2.3518288816141704,169.0,1.0,0.0,0.4132467157470505,4,False,369.6962417159992,90.28305361069144,2.70735814223746,171.0,1.0,0.0,-0.3947726688097998,4,False,371.00454797631,139.44620745527877,2.557410807736152,172.0,1.0,0.0,-0.3691104904831992,4,True,344.31780378884855,245.15777935707897,2.2754973012925324,180.0,0.0,0.9998314977750896,0.0494877102946374,5,False
24C03FB8ACCFF145E0631418000AB0B6,1,379.28971214683446,191.41755777009513,2.3646934414043135,173.0,0.9369176647044172,0.0,0.4742111223457303,4,False,367.15233473615154,89.66159214699097,2.784507144419982,178.0,1.0,0.0,-0.7160385917221763,4,False,372.84988786495944,138.63482076885717,2.547991104884206,178.0,1.0,0.0,-0.1860264272708156,4,True,343.68797820159466,244.5070593971793,2.27903303320444,165.0,1.0,0.0,0.0514219455852233,4,False
24C03FB8ACCFF145E0631418000AB0B6,2,374.18110848921015,191.50359537965284,2.2902039185131726,115.0,0.0,1.0,0.3580964418135346,3,True,368.7569031696664,90.05465175032334,2.727981394889873,173.0,1.0,0.0,-0.1736800421646796,4,False,369.90721382524333,139.6691469277204,2.5671136209728127,138.0,1.0,0.0,0.0113063050617952,3,False,341.58035450771285,242.3287428908886,2.280734675935961,223.0,0.0,0.7775763110365432,0.0766882722537367,6,False
24C03FB8ACCFF145E0631418000AB0B6,3,374.18832701268866,191.50460317242283,2.285966012522308,152.0,0.0,1.0,0.8493137334590533,4,True,370.10552571701794,90.38126370674848,2.689182153853847,159.0,1.0,0.0,-0.0385916418449029,4,False,366.5028242036644,140.35745978144948,2.643507845615228,109.0,1.0,0.0,-0.202751952492424,2,False,344.07514935721906,244.90714998740447,2.2579303400800055,252.0,0.0,1.0,0.0683344325840073,7,False
24C03FB8ACCFF145E0631418000AB0B6,4,368.41639758887766,191.44590820671883,2.241437603376798,133.0,0.0,1.0,0.2055669191921307,3,True,369.9870643781383,90.35395945215056,2.688845312458886,172.0,1.0,0.0,-0.0121355142956912,4,False,365.49487641888953,140.5615617666292,2.6650745314005544,126.0,1.0,0.0,-0.243241461265888,3,False,342.0280776287204,242.79102698458524,2.276366359172113,223.0,0.0,1.0,0.1039535094674403,6,False
24C03FB8ACCFF145E0631418000AB0B6,5,369.4406684570313,191.55114009602863,2.208236443201701,126.0,0.1000000238418579,0.1860334938367207,0.0993242784341176,3,True,370.3627486425089,90.44431216192584,2.677020689105311,190.0,1.0,0.0,-0.0387194102960275,5,False,367.181378689384,140.2214086880801,2.6221881341544417,152.0,1.0,0.0,0.0349285378950655,4,False,342.1119158249493,242.87813841156873,2.279725815436637,217.0,0.0,1.0,0.136026448394516,6,False
24C03FB8ACCFF145E0631418000AB0B6,6,368.9071181659816,191.49216440191168,2.2306719731240374,120.0,0.0,1.0,0.1649623867887783,3,True,368.71007011167455,90.0417309299592,2.728069644205032,170.0,1.0,0.0,-0.062983561896028,4,False,364.33622664234287,140.79629194131286,2.6898002762439823,119.0,1.0,0.0,-0.0706945923734302,3,False,340.6706399061586,241.38887187895068,2.2813578601432054,223.0,0.0,1.0,0.2936890315542329,6,False
24C03FB8ACCFF145E0631418000AB0B6,7,371.71196813306375,191.2783986234637,2.2035956453414944,119.0,0.0,0.7911528913877246,0.3856311819930718,3,True,370.84653790791833,90.56304405212401,2.6742027348279955,161.0,1.0,0.0,-0.0347400792424256,4,False,366.62467818777907,140.33217824009486,2.6409905044010706,120.0,1.0,0.0,-0.2268950765303203,3,False,337.64105903221315,238.25705035891383,2.202266920462709,215.0,0.1000000238418579,0.678312772274641,0.00483614683122,6,False
24C03FB8ACCFF145E0631418000AB0B6,8,370.6433493790117,191.66472002603476,2.1984102867760704,112.0,0.7711604834687941,0.0,0.1338593809123973,3,True,372.3371043047148,90.61130105596146,2.65486856925758,153.0,1.0,0.0,0.0091553684210251,4,True,362.5931356769718,141.14875490371497,2.734300734245614,104.0,1.0,0.0,-0.2935579711035506,3,False,339.9959176992441,240.68951066252473,2.279656664427225,214.0,0.0,1.0,0.0928255431305665,6,False
24C03FB8ACCFF145E0631418000AB0B6,9,371.6370227679328,191.27285361354592,2.207408022428269,105.0,0.5325800182050482,0.117435262778264,0.6828813822611883,2,True,371.34072332579296,90.68107326004198,2.6650983396508923,169.0,1.0,0.0,-0.0326346155546238,4,False,367.2352192038013,140.20978207251477,2.6257710369952987,121.0,1.0,0.0,-0.1289390830624347,3,False,339.69963881548716,240.38650682237412,2.2747494332930622,211.0,0.0,1.0,0.1370012365719851,6,False
24C03FBB84C2E310E0631418000A3D93,1,375.81296788243566,191.77489595352336,2.296046638597805,158.0,0.2082622435662868,0.1716526887278024,0.34459655508333,4,False,367.2876744615453,89.69623694784617,2.768307367476453,211.0,1.0,0.0,-0.134665057041285,5,False,368.08386905149,140.0377442031687,2.5991694234380596,187.0,1.0,0.0,-0.0234574509253666,4,False,344.11655596921935,244.95002664369372,2.2643005141617465,235.0,0.0,1.0,0.0077890781684529,6,False
24C03FBB84C2E310E0631418000A3D93,2,374.76520804039626,191.6513427422213,2.288346790187369,169.0,0.1000000238418579,0.1979626052506191,0.1497329516391665,4,True,368.5137306814608,89.99518300398536,2.7302030114376024,203.0,1.0,0.0,-0.2003486864420625,5,False,370.0160940514711,139.64698713357603,2.5613154735478356,176.0,1.0,0.0,-0.1372168196085416,4,False,344.0897213467339,244.92235564709895,2.2676060896116006,223.0,0.0,1.0,0.0238910065182923,6,False
24C03FBB84C2E310E0631418000A3D93,3,375.63381569257194,191.73449675617056,2.292411060668664,179.0,0.1000000238418579,0.195124477148056,0.2738526449000505,4,False,368.7347125076977,90.04830363852706,2.7264363439224844,205.0,1.0,0.0,-0.2899490213426017,5,False,371.8740363758281,139.0356958626602,2.531895177662689,187.0,1.0,0.0,-0.0517509945505521,4,True,344.4752232285797,245.3205318763608,2.2721342649616174,196.0,0.0,1.0,0.0450026946233921,5,False
24C03FBB84C2E310E0631418000A3D93,4,376.7284732720791,191.30327894748785,2.3042759589659862,149.0,1.0,0.0,0.3901409256216297,4,False,368.9200926109178,90.09452246491021,2.7174877626656078,207.0,1.0,0.0,-0.098585723177392,5,False,368.78765035176775,139.8953536093772,2.5845564014918807,180.0,1.0,0.0,-0.0195698794215223,4,False,342.1000761363428,242.86556461913295,2.2792040790563832,221.0,0.0,1.0,-0.0065121180943398,6,False
24C6AA9DA090A820E0631418000A0FCC,1,378.45764292798447,191.4000795614472,2.347115129190233,140.0,0.6932819065301363,0.0,0.5764953499940124,4,False,368.3833553737064,89.9624418549872,2.735550626411845,203.0,1.0,0.0,-0.1700055100475801,5,False,369.9284059784029,139.66454434811735,2.5617846705866345,174.0,1.0,0.0,-0.0893046130407903,4,False,342.73941463625766,243.52661767700224,2.2742519221101083,227.0,0.0,1.0,-0.0089971696238719,6,False
24C6AA9DA090A820E0631418000A0FCC,2,377.80631290722584,191.36436722705304,2.3222705767778105,164.0,1.0,0.0,0.3162433743516524,4,False,366.0586788708716,89.39705974356755,2.812660069947832,205.0,1.0,0.0,-0.1688382294730422,5,False,369.83967030512815,139.68210270704128,2.5646058037167503,185.0,1.0,0.0,-0.0299402428216409,4,False,344.0946387000118,244.92757828083444,2.2730530643716773,200.0,0.0,1.0,-0.008545352791185,5,False
24C6AA9DB114A820E0631418000A0FCC,1,386.89405694965006,191.89322172696816,2.6010505663434937,97.0,0.0,0.0,0.2754889234920472,2,False,366.5714421143436,89.52317174413798,2.810281805640324,102.0,0.7035548429182996,0.0,-0.0459523404105732,2,False,364.16347598398465,140.8306123801083,2.7013629804607864,47.0,0.1642382657927569,0.0,-0.053404520274096,1,False,343.1398520299496,243.94052338212185,2.285400391680964,155.0,0.0,0.9459550981940285,-0.0027157833020097,4,False
24C6AA9DB114A820E0631418000A0FCC,2,376.6902826894628,191.28270824167987,2.3091614784580647,100.0,0.1415282579120433,0.0,-0.0869650928469577,2,False,365.05261625412504,89.15336466636282,2.8630724724276466,122.0,0.4158296290683691,0.0,-0.2599446089559714,2,False,365.2414182868984,140.61214827162047,2.6748701562449493,110.0,0.2181429713964462,0.0,-0.3073966361919761,2,False,344.52953039815526,245.3766029626267,2.2728105739359212,191.0,0.0,1.0,0.0253306821980572,5,False
24C6AA9DC6A9A820E0631418000A0FCC,1,360.17935230127347,191.41850885300187,2.194013840978884,92.0,0.767071008682251,0.0,-0.0476900495507943,2,True,367.37195993321416,89.71807309701437,2.773974162364647,165.0,1.0,0.0,-0.0489236289764687,4,False,360.223017106134,141.62853281247868,2.787164293807333,120.0,0.7539635300636292,0.0,-0.024234180737912,2,False,344.21593829519713,245.0527497494055,2.2814826961447854,144.0,0.0,0.9260573986966688,0.0126389553461103,4,False
24C6AA9DC6A9A820E0631418000A0FCC,2,377.8843233331349,191.3565698269095,2.3375533278333536,120.0,0.2956497758889706,0.0255154110895008,0.4084092458268021,3,False,370.65845590627544,90.51732486399123,2.672948819605441,188.0,1.0,0.0,-0.1020987428280233,5,False,365.23034314546953,140.61553797722982,2.664822279692872,150.0,1.0,0.0,0.0205553389721246,3,False,344.9031591349936,245.763029632452,2.2620269522968814,230.0,0.0,1.0,0.0183152798620073,6,False
24C6AAA0AB850750E0631418000A33E2,2,380.6737559741696,191.52407577548328,2.4176125012899714,91.0,0.0,0.0,0.3212177404297973,2,False,366.57081858399056,89.52299205997767,2.810689226576145,107.0,0.3609979450702667,0.0,-0.0679081576398517,2,False,362.7720898158451,141.11195804419833,2.733517385074132,79.0,0.1598568598767771,0.0,-0.3268396289746144,2,False,341.9625369830981,242.7237687436376,2.280066092967039,210.0,0.0,1.0,-0.0308001330869137,6,False
24C6AAA0AB850750E0631418000A33E2,3,380.87206320787857,191.53995686341483,2.420479366478376,74.0,0.3588159084320068,0.0,0.2110431962903484,1,False,365.9491400128045,89.37165581279652,2.834256986116715,92.0,0.2098387461324472,0.0,0.1458067644832042,2,False,368.4495364782945,139.962995651533,2.6053559141338996,91.0,0.1283436268568039,0.0,-0.2346911467471212,1,False,342.3014374210032,243.0735245881656,2.2829162160022713,197.0,0.0,1.0,0.0661892627021488,5,False
24DC0B0D258CAD26E0631318000A4307,1,370.4140842730541,191.653307774867,2.195547477787866,112.0,0.406752788652576,0.0,0.1099464346881063,3,True,368.004950504178,89.87023118402205,2.7608192855115674,148.0,0.0,0.0,-0.2036200413209382,3,False,372.381022365544,138.82755344618573,2.5409679786728527,139.0,0.5477073192596436,0.0,0.0523706093998327,3,True,343.8803507804735,244.7058701315472,2.274932623417324,184.0,0.0,1.0,0.0917588379321349,5,False
24DC0B0D258CAD26E0631318000A4307,2,374.57796463222473,191.5437703152581,2.299616779101087,120.0,1.0,0.0,0.4436299901564749,3,True,360.36106069479575,88.01203368012688,2.9909576387331662,193.0,1.0,0.0,-0.1533047701533326,5,False,360.3908384807074,141.59365833339407,2.7797969623065706,155.0,1.0,0.0,-0.0786311499176741,4,False,344.3319704679575,245.17257669088724,2.26805402259746,216.0,0.0,1.0,0.0398487743122933,6,False
24DC0B105E5FB153E0631318000A00AC,1,380.7394222610653,191.5245885640212,2.418804401802671,96.0,0.0,0.0,0.240267395763743,2,False,365.81833091004233,89.34054928352522,2.8281456156395817,137.0,1.0,0.0,0.0784056849446476,3,False,363.4133119440021,140.98229310905967,2.715807863252755,85.0,0.867060024512296,0.0,-0.3141836409858623,2,False,339.758162798252,240.44531000175385,2.287486420377507,131.0,0.0,1.0,0.0199134557512443,3,False
24DC0B105E5FB153E0631318000A00AC,2,372.62535994833144,191.3634309338596,2.228001711631936,127.0,0.1000000238418579,0.026230522747397,0.227846187682353,3,True,367.01174984630046,89.62877498315859,2.7824351753545713,185.0,1.0,0.0,-0.079220705887025,4,False,364.8985785323927,140.68190892153277,2.6725345301364003,140.0,1.0,0.0,0.0079140860375395,3,False,344.5897413837636,245.4391207730246,2.2739523407644167,181.0,0.0,1.0,0.0158072212886301,5,False
24DC0B105E5FB153E0631318000A00AC,3,371.9296883117207,191.29987872189568,2.2055919581971817,134.0,0.1000000238418579,0.1949571960989166,0.1742670022046474,4,True,364.68565795283473,89.0628854367921,2.860247481251072,197.0,1.0,0.0,-0.1102240541242746,5,False,366.2083396714649,140.41704628923057,2.6407648281878737,159.0,1.0,0.0,-0.0633209873497383,4,False,343.23201910644366,244.0359515319368,2.2746648742736526,213.0,0.0,1.0,-0.00370321463101,6,False
24DC0C65466BBD44E0631318000AE5A7,1,377.3573345663508,191.29540171244608,2.3099045964987086,169.0,1.0,0.0,0.2252844245393098,4,False,370.5047917359463,90.47891062385939,2.674556974754141,211.0,1.0,0.0,-0.124028618624857,5,False,370.67731950089734,139.51303086244553,2.550416534518538,186.0,1.0,0.0,-0.0858192923459643,5,False,344.2444239995757,245.08219155100565,2.2622667026030365,241.0,0.0,1.0,0.0173016722836895,6,False
24DC0C65466BBD44E0631318000AE5A7,2,379.7945130234893,191.47250265056292,2.3839397147138284,148.0,0.965423913314475,0.0,1.0,4,False,371.10430128984217,90.6261676192941,2.6770201629656047,139.0,1.0,0.0,0.1589950462184744,4,False,371.1044240851901,139.42679833654148,2.5648799362912102,142.0,1.0,0.0,-0.2937317625132959,4,True,344.42559614756834,245.2692639428728,2.2591937886814093,247.0,0.0,1.0,0.0207164088919057,7,False
24DC0C65466BBD44E0631318000AE5A7,3,378.86079597642384,191.38427255083843,2.3549633254598703,162.0,0.9270856075828436,0.0,1.0,4,False,368.700397042135,90.04072928145939,2.7318771270895197,173.0,1.0,0.0,-0.0636795173226137,4,False,372.0748793358397,138.9512014500486,2.543287338517942,156.0,1.0,0.0,-0.0682018997275172,4,True,344.0992605173673,244.93267455615583,2.2610802209977625,247.0,0.0,1.0,0.0052994276258906,6,False
24DC38837A340381E0631318000A8139,1,380.78204297828415,191.52030904894676,2.4161174361155098,129.0,0.0,1.0,0.9861899474633236,3,False,371.8624914211179,90.8104935890723,2.6622755651014485,138.0,1.0,0.0,0.0645050394259804,3,True,372.43227288876216,138.80515281359067,2.5476544008453352,118.0,1.0,0.0,0.0542769402719947,3,True,344.2504017617953,245.08836898899472,2.2628687312138194,238.0,0.1000000238418579,0.6088251639489792,-0.0042586640668096,6,False
24DC38837A340381E0631318000A8139,2,372.14492439350886,191.31579545489717,2.2025567707032168,159.0,0.0712962809092372,0.195124477148056,0.6145861708275048,4,True,367.69928117870427,89.79753181908455,2.762840781460324,187.0,1.0,0.0,-0.1495542317831896,5,False,367.5488239968643,140.1459372726016,2.6139212220427437,162.0,1.0,0.0,0.0066432799340172,4,False,343.21402328320846,244.017230184857,2.2656746432462462,247.0,0.0,1.0,0.0782946019729126,7,False
24DC38837A340381E0631318000A8139,3,371.42497587790155,191.24978292313315,2.1964342943300608,130.0,0.1000000238418579,0.1945655792354263,0.0853616999644429,3,True,367.6275836292614,89.7784283613725,2.7598469298969612,190.0,1.0,0.0,-0.0908481335856697,5,False,368.5453153357532,139.9439502307594,2.5949628312012245,149.0,1.0,0.0,-0.0318393146893019,4,False,341.23333183889446,241.97043455690655,2.281370533571222,224.0,0.0481257351027093,0.6781022424678425,0.0501202481211746,6,False
24DC38837A340381E0631318000A8139,4,372.32475187167694,191.33613051118837,2.2118383928235956,129.0,0.0368386230031103,0.1811224824340268,0.3811601286476398,3,True,370.2798711940301,90.42475589250967,2.681531239924819,183.0,1.0,0.0,-0.0689507021671891,4,False,369.571334895803,139.73724342460062,2.5744334401479407,143.0,1.0,0.0,-0.0151730785910874,3,False,342.0052397988888,242.76813079123,2.2734878707672674,234.0,0.0,1.0,0.034298447177722,6,False
24DC38837A340381E0631318000A8139,5,373.10181100027904,191.4065364936397,2.237019060213522,146.0,0.0,1.0,0.4324638747243158,4,True,366.4359213961088,89.49007264944223,2.8079239373940688,181.0,1.0,0.0,-0.2094449556217743,5,False,369.00156577370393,139.85210241144355,2.583869544809515,148.0,1.0,0.0,-0.0479140030321749,3,False,343.40050365175364,244.20919459341292,2.265519834548356,240.0,0.0,0.9899826146086448,0.2900668120813674,6,False
24DC38837A340381E0631318000A8139,6,372.36392947965777,191.33909049013116,2.2267100813630396,126.0,0.1000000238418579,0.0168377345290428,0.5579763421797017,3,True,367.5666102318247,89.76618000200598,2.7740079302696663,108.0,1.0,0.0,-0.0575011110989151,2,False,354.9769833519345,143.82198004690156,2.7414441462276744,111.0,0.119536683632403,0.0,-0.4036950713517714,3,True,343.5461900067177,244.36127417389585,2.277255502054224,195.0,0.0,1.0,-0.0012434069174345,5,False
24DC38837A340381E0631318000A8139,8,371.3387243277047,191.24664258082447,2.19395809664824,128.0,0.1000000238418579,0.1824554110743595,0.0753240150066962,3,True,369.64013678340586,90.2701984825781,2.700982231709917,191.0,1.0,0.0,-0.2182783357862193,5,False,367.8976864872607,140.07663943655982,2.6043601744716254,159.0,1.0,0.0,-0.0114325075975233,4,False,344.4613100032217,245.30688476562497,2.2726989222556044,192.0,0.0,0.7879055738449097,0.0118976762499084,5,False
24DC38837A340381E0631318000A8139,9,377.9344245802912,191.35584260012584,2.333013891408624,139.0,0.6276864671125644,0.0,0.30536358469717,4,False,366.16348299772847,89.42261670983356,2.8090970516204834,205.0,1.0,0.0,-0.1191339384278525,5,False,366.8511429415405,140.28577207608987,2.6245907772588364,179.0,1.0,0.0,-0.0587643219712581,4,False,344.5402114790708,245.38841851713693,2.266974406799084,219.0,0.0,0.9451732066682148,0.007943629449101,6,False
24DC38837A340381E0631318000A8139,11,379.5585627613101,191.4613636468328,2.3786751119800127,116.0,1.0,0.0,0.2648678577375657,3,False,365.81419241017306,89.3389881725969,2.8214283739698343,194.0,1.0,0.0,-0.0653496160139811,5,False,365.6994087465348,140.5195770263672,2.650771294870684,163.0,1.0,0.0,-0.0977567768385333,4,False,343.1729576353545,243.9729643171424,2.2772936309851386,203.0,0.0,0.825871467590332,-0.0226477849919395,5,False
24DC38837A340381E0631318000A8139,13,374.59126287518126,191.54445482022837,2.302701890920148,150.0,0.1000000238418579,0.1967997377399693,0.3251995612500291,4,True,365.1213867525645,89.17096069843156,2.8451096011000656,203.0,1.0,0.0,-0.0833018748115469,5,False,364.80888849325447,140.69801893630347,2.670258110704513,174.0,1.0,0.0,-0.0754530124437694,4,False,344.2203137743604,245.05923780504165,2.2711320814195566,205.0,0.0,0.8748766779899597,0.012416230286932,5,False
24DC6C52C76DD3BEE0631318000A4811,1,376.03808135199057,191.7475769593754,2.302270100815465,177.0,0.0712915583028935,0.1374106958571402,0.3836037954648084,5,False,369.7880229472367,90.30468015087017,2.689571999529973,210.0,1.0,0.0,-0.0754257278068239,5,False,370.11339208558576,139.62741800262702,2.5570415031691853,185.0,1.0,0.0,-0.0511318275860458,4,False,343.5838184031796,244.39939046445153,2.2730289377422537,212.0,0.0,0.7950835227966309,0.0484655974611306,5,False
24DC6C52C76DD3BEE0631318000A4811,2,376.02624055605145,191.78958554384585,2.3008493725250716,172.0,0.0,0.180998220179796,0.5469987264599526,5,False,369.9039121715573,90.3328242521354,2.6885039427801143,209.0,1.0,0.0,-0.1206976264396504,5,False,370.4899327097956,139.55064008814836,2.549984893062829,182.0,1.0,0.0,-0.161902189330704,4,False,343.8886676776671,244.7145114441851,2.260842418564661,251.0,0.0,0.7748216356327547,0.0572009636283285,7,False
24DC6C52C76DD3BEE0631318000A4811,3,377.5318568903711,191.33818634581928,2.3143389706459945,164.0,0.9750439781865639,0.0,0.2775718054088814,4,False,367.5751804076391,89.76515194513719,2.7607839623139365,212.0,1.0,0.0,-0.2182208413111544,5,False,371.3756155645296,139.2394667438765,2.5525846440596935,188.0,1.0,0.0,-0.0407017396133247,5,True,342.68984656682466,243.4748531952616,2.281886308319276,179.0,1.0,0.0,0.0173209165154143,4,False
24DC6C52C76DD3BEE0631318000A4811,4,379.88305953859174,191.4670336137784,2.3895975598579486,147.0,0.0,0.0,0.5853273929657083,4,False,370.8764435356185,90.57011368429872,2.6723660663740167,170.0,1.0,0.0,-0.0426553211915187,4,False,368.7399885443192,139.90475118612943,2.594350786525992,128.0,0.7775722081902661,0.0,-0.2017125576215831,3,False,343.275353994983,244.0810858631692,2.2820958611038,192.0,0.0,0.0,0.0071889823071157,5,False
24DC6C52C76DD3BEE0631318000A4811,5,377.46929141646575,191.3189923828496,2.3098439894911005,177.0,0.9404128503352556,0.0,0.4237948237581455,5,False,368.07030786664575,89.88616242491229,2.7414694935140664,215.0,1.0,0.0,-0.1379888515053155,5,False,371.1349018426717,139.42031412663468,2.558066741392838,194.0,1.0,0.0,-0.0288011071007823,5,True,343.93458839699076,244.7611978471109,2.2628130615266975,244.0,0.0,0.8803996431861507,0.02669169622821,7,False
24E41D1EED6F8A2DE0631318000A477B,1,377.1441896266591,191.31884356368775,2.3004488353890067,179.0,0.8129466325521236,0.0,0.3271677437067049,5,False,369.526713085414,90.24000638651005,2.7017582453547835,207.0,1.0,0.0,-0.252349550067218,5,False,370.60995386783947,139.52659847319657,2.5515212176007296,190.0,1.0,0.0,-0.2137060284632147,5,False,344.2237476138568,245.06080812238312,2.270333032620236,208.0,0.0,0.1137533521301105,0.0227633289404099,6,False
24E41D1EED6F8A2DE0631318000A477B,2,374.4848024998196,191.53457303300465,2.291359542423803,155.0,0.1000000238418579,0.195124477148056,0.3109662352753566,4,True,369.17214384177106,90.1534418183644,2.7078964567721795,210.0,1.0,0.0,-0.1535011106177558,5,False,370.3105688806058,139.58715786130125,2.5540069171798345,181.0,1.0,0.0,-0.0708562007233407,4,False,344.15644892155984,244.99140838703,2.265936099613993,227.0,0.0,0.7765121472453203,0.014530723248843,6,False
24E43EAA38694D56E0631318000A7C08,1,374.35108720367344,191.5229498627012,2.2831339252649316,165.0,0.0049007812278909,0.195124477148056,0.3529651474596891,4,True,370.37286385515057,90.44774277359845,2.682166911883895,180.0,0.7734457419126637,0.0,-0.0965193963333452,4,False,369.4101584255637,139.7696906195524,2.576209075577675,160.0,0.5836735790538174,0.0,-0.0407586636631824,4,False,344.1466366512474,244.98111884580675,2.2598423238366014,249.0,0.0,0.8091088507185109,0.0798706407967015,7,False
24E43EAA38694D56E0631318000A7C08,2,375.90268826656865,191.76267509295153,2.2972966070122367,163.0,0.0355714877280884,0.1915310677831484,0.137708615624652,4,False,369.77479816493377,90.30163956438729,2.696834044743795,189.0,0.9876296933831628,0.0,-0.0821588863984173,5,False,371.4962703510104,139.18926305268533,2.556827152117205,164.0,0.654678162191126,0.0,-0.0250585622996855,4,True,344.53936426122704,245.3869374565739,2.272237670406638,194.0,0.0,0.4131710127741499,0.0464201771418894,5,False
24E43EAA38694D56E0631318000A7C08,3,373.542606597132,191.44797623848103,2.2564396488144935,143.0,0.0442913719663495,0.195124477148056,0.2178206754048393,4,True,372.126268561276,90.58367076913812,2.6499200017377174,200.0,1.0,0.0,-0.0599240290484149,5,True,368.0702662761425,140.04129366774245,2.601564310149485,165.0,1.0,0.0,-0.0838141891180558,4,False,344.3195718556682,245.1599344497299,2.269167907702907,211.0,0.0,0.8256277138654422,0.0396919222192762,6,False
24E43EAA38694D56E0631318000A7C08,4,374.6746703448621,191.5531127877749,2.291143600476388,147.0,0.0135896996792642,0.195124477148056,0.2116234763974897,4,True,369.35779150372974,90.2008499244734,2.7108534927657573,188.0,1.0,0.0,-0.1680744748368773,5,False,368.2081221648186,140.01234997164818,2.6025530259327225,157.0,0.6471086273142086,0.0,-0.08826004223157,4,False,344.01530802891045,244.84478979536695,2.2651440021441864,233.0,0.0,0.9372397661209106,0.0515916405471488,6,False
24E43EAA38694D56E0631318000A7C08,5,376.97012984643686,191.30451687772705,2.2987159553785865,177.0,0.1169799816363935,0.0395687200551277,0.348024645278833,5,False,370.0516002421477,90.36809623873965,2.6859105032317494,198.0,1.0,0.0,-0.1294825577006048,5,False,371.338260611308,139.26639832172197,2.555002475522228,176.0,0.8028122457032351,0.0,-0.0337984964021087,4,True,344.2267136589739,245.06415894677409,2.259596370933048,250.0,0.0,0.7367089898091893,0.0287713716803336,7,False
24E43EAA38694D56E0631318000A7C08,6,375.73474852785336,191.77353414367877,2.2931238626259787,164.0,0.1268857489333578,0.1614513621317094,0.2697155245481632,4,False,369.53973837459785,90.245631386252,2.6992972107494575,212.0,1.0,0.0,-0.1408035709139178,5,False,369.6311225591173,139.72510484391404,2.5661617426296233,187.0,1.0,0.0,-0.0490208948383891,4,False,343.96761773999833,244.796156480979,2.265355520480052,233.0,0.0054360266880549,0.7759804365123617,0.0559202870111294,6,False
24E43EAA38694D56E0631318000A7C08,7,377.49837372597045,191.32684852180648,2.3154839711238866,170.0,0.2171724086619061,0.0,0.71016691715898,5,False,369.68782669297616,90.28046057221005,2.6976789044745177,197.0,1.0,0.0,-0.0878752102444283,5,False,369.38251925627264,139.7741709284886,2.5758439585362725,166.0,1.0,0.0,-0.1785853159638632,4,False,343.96112009400093,244.78836187437255,2.2608354264797446,252.0,0.0,0.7397031457730511,0.0116909330440216,7,False
24E43EAA38694D56E0631318000A7C08,8,376.199628873842,191.76288252973976,2.302880477905273,174.0,0.2789952322972559,0.0,0.3244044082486523,5,False,371.29087538215975,90.6694553461506,2.6579665317008243,212.0,1.0,0.0,-0.0997644377937868,5,False,370.316097026852,139.58432178903132,2.554144512846115,187.0,1.0,0.0,-0.1450703091866581,5,False,343.8986042189304,244.726750936647,2.260537141781772,252.0,0.0,0.7453818885236143,0.0933759391708309,7,False
24E43EAA38694D56E0631318000A7C08,9,376.8785351585467,191.31043136467488,2.294043585812272,174.0,0.0527941464032077,0.0,0.4452549865642809,5,False,369.29802046827297,90.18626754878419,2.707134590357312,211.0,1.0,0.0,-0.2165910694891811,5,False,370.68431547804227,139.5108500979944,2.5467230887294146,191.0,1.0,0.0,-0.0392644709012267,5,False,344.13136367797847,244.96534461975097,2.260459220409393,248.0,0.0,0.8236269354820251,0.0558625598438084,7,False
24E43EAA38694D56E0631318000A7C08,10,376.3790273102426,191.7851560883888,2.3029739212800417,177.0,0.4719023067185232,0.0,0.3796889964632512,5,False,369.9955844425588,90.35439351145108,2.6857693790643475,216.0,1.0,0.0,-0.1176703362603286,5,False,370.0386447880186,139.64222076416016,2.558481945004957,193.0,1.0,0.0,-0.1079732005349521,5,False,344.41713410622606,245.25899180231403,2.258239014515304,251.0,0.0,0.8030965328216553,0.0637802867225123,7,False
24E43EAA38694D56E0631318000A7C08,11,376.60763003786013,191.28517322523388,2.3013099735030247,177.0,0.1293929421249694,0.0277597961355037,0.37307365870877,5,False,370.21031160390334,90.40794729739986,2.6773459036252025,216.0,1.0,0.0,-0.0233705934374296,5,False,370.2157535790408,139.6046240715565,2.555220399160108,193.0,1.0,0.0,-0.1061061944704332,5,False,343.9538391728417,244.78226423957716,2.2610817716476763,250.0,0.0,0.7474562870161263,0.0399636446278279,7,False
24E43EAA38694D56E0631318000A7C08,12,376.34206699061303,191.7786482281904,2.302761585678734,176.0,0.4801167359332103,0.0,0.5617734935963954,5,False,370.1324865683531,90.38869130550287,2.6804944241658237,210.0,1.0,0.0,-0.0791219741631394,5,False,369.54679697361576,139.74370007466368,2.5702918026992156,184.0,1.0,0.0,-0.1352761276662783,5,False,344.40104892299263,245.2445079551432,2.2582716007382175,252.0,0.0,0.7470362785481925,0.080878046089898,7,False
24F272EBCA7311EEE0631318000A9947,1,375.0161088681385,191.6317794496158,2.2877169022828485,166.0,0.3999999761581421,0.1563096541399735,0.4803298056751618,4,True,371.67000207807376,90.76211928637005,2.6537306299130075,191.0,1.0,0.0,-0.055349363386315,5,True,368.08286990371863,140.03813806909136,2.606345759814641,157.0,1.0,0.0,-0.188605887220317,4,False,344.57158296033526,245.42032154794427,2.257897986683517,249.0,0.1025223061442375,0.8751914501190186,0.0764561100658998,7,False
24F272EBCA7311EEE0631318000A9947,2,376.77685963898665,191.2594948055532,2.297187668841121,182.0,0.4442077211007089,0.0,0.3039193282030475,5,False,372.1013290080618,90.55891198155363,2.662232164771361,168.0,0.0008810654977051,0.0,-0.072224559052918,4,True,374.1325115076064,138.10739589334221,2.5374775939966376,171.0,1.0,0.0,-0.1535964231503482,4,True,343.73152282326373,244.5518975523874,2.2724862347734596,187.0,1.0,0.1004189237623079,-0.0140821875827209,5,False
24F272ED77C01286E0631318000AC2C3,1,375.8177163991962,191.7704645201934,2.296714139939672,176.0,0.1000000238418579,0.1974759039688701,0.3505338798906325,5,False,369.133953984556,90.14541438795251,2.707651958623408,217.0,1.0,0.0,-0.0898287223591412,5,False,369.9141110273628,139.66722801422685,2.557525759708756,191.0,1.0,0.0,-0.1033301766247276,5,False,343.8915847891902,244.71747882648103,2.2704922319630443,217.0,0.0,0.8764356462837025,0.0187450773033412,6,False
24F29B247A9E3C78E0631318000A017C,1,374.2929546354593,191.51324371619717,2.286198783287185,149.0,0.0,0.5006740689277649,0.3080846461001973,4,True,370.6130280732035,90.50596374734032,2.6811104334539286,163.0,1.0,0.0,-0.1131803306786583,4,False,369.55098511369874,139.74096544917907,2.5790030141300555,129.0,0.7490501403808594,0.0,-0.2147348896905343,3,False,342.71805035435614,243.50456582205356,2.270678771777849,237.0,0.0,0.6314427285570763,0.0978561446328954,6,False
24F29B247A9E3C78E0631318000A017C,2,368.6949693633289,191.4742178568026,2.2353232662852216,167.0,0.0560184668738213,0.2086661438026079,0.1834138580938664,4,True,370.2783892437653,90.42537662707413,2.6899234207508367,152.0,1.0,0.0,-0.0633625847108511,4,False,370.4851687533184,139.55064910592384,2.5606514018716164,148.0,1.0,0.0,-0.0047629654262829,4,False,341.574116719594,242.32221310974973,2.272473830159921,240.0,0.0,0.630074711928638,0.1617557421251401,6,False
24F29B2485953C78E0631318000A017C,1,376.48809532908103,191.2631335643049,2.3191419413662286,122.0,0.0008063106086543,0.0,0.2483938943141132,3,False,370.47019896334007,90.4714668049703,2.6804578797403478,173.0,0.7296711802482605,0.0,-0.0829399418459068,4,False,370.0484017339004,139.64061291066025,2.5661610381105984,147.0,0.7361257076263428,0.0,-0.0183895541104389,3,False,344.0001794581405,244.82975798149343,2.26629581671731,229.0,0.0,1.0,0.0099906697482371,6,False
24F29B2485953C78E0631318000A017C,2,376.32881342147135,191.26735088368892,2.311910456367576,151.0,0.42136883682751,0.0,0.165534537080184,4,False,369.0141346780283,90.11708157527583,2.719225171215123,195.0,0.9138323068618774,0.0,-0.0640319862510093,5,False,369.5133580419208,139.74840082947043,2.573294148337742,169.0,1.0,0.0,-0.1110698518599742,4,False,343.6196104652524,244.43636804788224,2.2725465167217305,213.0,0.0,1.0,0.0090328182926321,6,False
24F2CD2CB5E6E230E0631318000A99F9,1,375.0932029724652,191.68357226312023,2.289292053941194,126.0,0.2418921142816543,0.0,0.2992492541077675,3,True,369.09826557795594,90.13778048554903,2.724522871004325,140.0,0.6672007441520691,0.0,-0.0861171504973234,3,False,369.92187366343535,139.66580365323208,2.573510680027774,97.0,0.6489456406419148,0.0,-0.0395171987670057,2,False,340.9929621921496,241.7215525766437,2.297972470187069,132.0,0.5782343190205232,0.0,0.032797402098743,3,False
24F2CD2CB5E6E230E0631318000A99F9,2,376.02596750241753,191.74241140044433,2.3102618247908695,147.0,0.0,0.8881770414065155,0.3560610036748507,4,False,366.84358555121577,89.58909284851862,2.7945861221795427,158.0,0.7942778468132019,0.0,-0.1559198562676571,4,False,367.4227968958456,140.17073888047213,2.623954882739077,118.0,0.5998624276321289,0.0,-0.1316313482184831,3,False,341.32318242192827,242.06296580912877,2.28018975718514,224.0,0.1738635247399703,0.4525574445724487,0.1792162838486281,6,False
24F35336D4550C4AE0631318000A7BCA,1,377.9198333526552,191.3568956015448,2.325874579207969,172.0,0.432482219492884,0.0,0.4614447391107581,5,False,373.2917520618765,90.8264613231971,2.645658594378278,155.0,0.3945525288581848,0.0,-0.104596110888219,4,True,372.0207613411285,138.97450964256703,2.537208922206073,156.0,0.3358205556869507,0.0,-0.3617948378234425,4,True,343.64742267887766,244.46514029153963,2.2761618358332933,187.0,0.141981255499328,0.0,0.145824995273497,5,False
24F35336D4550C4AE0631318000A7BCA,2,377.43534777221174,191.3402835461035,2.320952276092166,135.0,0.1414816528558731,0.0,0.8374867622924692,4,False,370.07696930486503,90.37601854543976,2.697789364034479,139.0,0.4692912101745605,0.0,-0.1426857697060613,3,False,366.65939590834586,140.32604926238602,2.639638772834916,121.0,0.3074663137255236,0.0,-0.1183909670599007,3,False,341.53842340864475,242.2855502187767,2.2935673340637974,166.0,0.2162203341722488,0.0,-0.0061700368435224,4,False
24F35336E4E70C4AE0631318000A7BCA,1,374.892262000518,191.56909578081152,2.2880123353401327,157.0,0.3999999761581421,0.1301152708946985,0.3406974915653882,4,True,369.2173828209568,90.1650287740131,2.7128917397923002,187.0,1.0,0.0,-0.1363875267468557,5,False,371.77477431470504,139.0764792768225,2.542296067726356,172.0,1.0,0.0,0.0092023819568998,4,True,343.7313062048148,244.55182835250383,2.265935165065685,233.0,0.0,0.975332188739767,-0.0039569146751129,6,False
24F35336E4E70C4AE0631318000A7BCA,2,373.7358778021016,191.4655793477696,2.2655372186404548,144.0,0.0,1.0,0.4450267219918027,4,True,369.8644980686637,90.32356876130513,2.6950297908531806,185.0,1.0,0.0,-0.1340860389145779,4,False,368.6113331522576,139.93187922502062,2.5944203666633903,147.0,1.0,0.0,0.0262089641267766,3,False,343.7199540226548,244.5403697534844,2.2628967980681742,243.0,0.0,1.0,0.0588666927805105,6,False
24F356C8E8954312E0631318000A0931,1,375.22688576724937,191.7016900839544,2.286258503485169,163.0,0.3999999761581421,0.1318660272437297,0.3441509839253147,4,True,371.1299036531906,90.63190571315437,2.6609435411966533,202.0,1.0,0.0,-0.0106625564670061,5,False,369.4503511901893,139.76216917630987,2.571390489481808,177.0,1.0,0.0,0.0964012261723853,4,False,344.2380295482663,245.0755842936728,2.26064999172414,247.0,0.0,1.0,-0.0033788502574777,7,False
24F356C8E8954312E0631318000A0931,2,375.6140640801144,191.76978917777063,2.289112719224682,174.0,0.3999999761581421,0.1309100544958595,0.3196855850339884,5,False,369.95057794932944,90.34407312539075,2.6872357234738704,215.0,1.0,0.0,-0.0911936582232332,5,False,369.63011743275246,139.72497669780583,2.567564490839988,191.0,1.0,0.0,-0.1197833508692902,5,False,344.66687725904984,245.5189242864096,2.25802871898092,248.0,0.0,1.0,0.104514729510638,7,False
24F356C906974312E0631318000A0931,1,373.2551510290484,191.41812225777332,2.2255090390610333,192.0,0.1218427745569628,0.1300829946994781,0.1817482325181541,5,True,374.8235978777192,91.16768966989991,2.6143420228346446,158.0,1.0,0.0,-0.1884622237155869,4,True,374.8375672751833,138.7992141345974,2.5371042912164454,179.0,0.7084763646125793,0.0,-0.2299247718762122,5,True,342.0847370697049,242.85000587907405,2.268460415614193,256.0,0.1319082515242357,0.4518449097018087,0.0788337314227379,7,False
24F357B6FD294DDDE0631318000AE43C,1,377.40624175369214,191.34035020453769,2.3083848401884146,188.0,0.0,0.0596014582986851,0.5155970924683007,5,False,370.40341425255673,90.45529516629088,2.6943881202071167,135.0,1.0,0.0,-0.1111822651709339,4,False,372.3378504258185,138.84477323720867,2.5466034316528487,152.0,0.8219852908391567,0.0,-0.0371840340050103,4,True,344.65553101811986,245.50710649784943,2.251734203219109,269.0,0.0,0.5341803136838132,0.0400710684293758,7,False
24F357B6FD294DDDE0631318000AE43C,2,376.0161734422864,191.765867174726,2.301430676389636,169.0,0.0037545699628405,0.1779755698135423,0.4706952154643184,4,False,371.7955975959057,90.79378308132208,2.653162086910904,181.0,1.0,0.0,0.000267500289712,4,True,370.37361888498793,139.57477389448525,2.5579495904023077,153.0,0.962834106360694,0.0,-0.0138938892141377,4,False,344.3042911577828,245.14417499697828,2.258594293802264,251.0,0.0,0.7311776443456631,0.036527533830784,7,False
24F3D46572E0F149E0631318000AAD95,1,375.4179018551464,191.68628358292816,2.282784816085972,192.0,0.2243237644698734,0.13318778748447,0.2572291399229797,5,False,368.7827377694496,90.05930733147758,2.721678139781308,205.0,0.991470217704773,0.0,-0.3405196373194262,5,False,371.42792722865113,139.2181991339188,2.5479507375223216,189.0,0.8790908811864758,0.0,-0.1152333196038224,5,True,344.3681232855431,245.21006735056025,2.2524208176323888,265.0,0.0,0.6516719835277908,-0.0016297737670508,7,False
24F3D4657BAEF149E0631318000AAD95,1,377.5996506597835,191.3300472699012,2.31342999575289,176.0,0.5408351930666196,0.0,0.5010576685253016,5,False,367.7341345585471,89.80575506369479,2.7542924270525773,209.0,1.0,0.0,-0.113787337452172,5,False,370.71665707885967,139.50516178062688,2.5486427359821615,186.0,1.0,0.0,-0.0342475607674172,4,False,344.2109976218992,245.04764191960328,2.264185320735898,233.0,0.0,0.4474209011183898,0.0151696522198525,6,False
24F3D4657BAEF149E0631318000AAD95,2,375.4863973161815,191.68160197681465,2.287788584429668,171.0,0.3999999761581421,0.1300829946994781,0.3069730175776384,4,False,368.01720507273774,89.8727644873687,2.7427518219851743,215.0,1.0,0.0,-0.1162341010500952,5,False,369.6151452065362,139.72765508795317,2.570528310184102,188.0,1.0,0.0,-0.0427142422640317,4,False,343.0720280990712,243.8705415390462,2.2745838129363998,216.0,0.0,0.9747394015139008,0.013313026778628,6,False
24F3D4657BAEF149E0631318000AAD95,3,374.7988461759748,191.56815049688285,2.2854651069901575,185.0,0.3035352881351021,0.1300829946994781,0.3484873303295437,5,True,368.85081011426,90.07719002242465,2.7190606167067344,215.0,1.0,0.0,-0.1232579744176358,5,False,369.7721321420957,139.695800567691,2.564152470245655,191.0,1.0,0.0,-0.1059667244553565,5,False,344.0268701375608,244.85740795321192,2.25992230135476,252.0,0.0,0.7284601444495072,0.0662819075339858,7,False
24F3D4657BAEF149E0631318000AAD95,4,374.50579785219514,191.5330782375282,2.290819800046782,166.0,1.0,0.0,0.1932154560907693,4,True,369.6256051199777,90.26456582205635,2.699805355072021,202.0,1.0,0.0,-0.1415356691394533,5,False,371.5451346095171,139.17214193482948,2.54474514302321,183.0,1.0,0.0,-0.0147865306149393,4,True,344.2234703496742,245.06004561588588,2.2726170303904074,195.0,0.0,0.5646074330683397,0.0242982073881388,5,False
24F4B641FDA0FFA4E0631318000AD123,1,376.3493659478567,191.78776637784932,2.308022885621969,156.0,0.9098397330765592,0.0,0.5199428343117988,4,False,372.7919213867188,90.71477227843634,2.6507063128216433,137.0,1.0,0.0,0.4582262047800687,4,True,371.6526583054463,139.12744057857287,2.547852467809912,161.0,1.0,0.0,0.4672548504685612,4,True,343.6029540551848,244.41918351247045,2.264322340802309,245.0,0.0,1.0,-0.0394923105338902,7,False
24F4B641FDA0FFA4E0631318000AD123,2,374.7147491949364,191.58028156941853,2.293634835731218,163.0,0.0969216073096883,0.0,0.318406066026146,4,True,369.04141359283466,90.12349588892243,2.715867756040559,199.0,1.0,0.0,-0.0030001053577665,5,False,369.99189456017666,139.651290343949,2.563389081683769,176.0,1.0,0.0,-0.015403532575092,4,False,344.1015717257952,244.93457089696136,2.2676999947057945,221.0,0.0,0.8997172054402169,0.0584409466427823,6,False
24F4B641FDA0FFA4E0631318000AD123,3,375.9961288903923,191.73723384987633,2.3023226969773436,161.0,0.0,0.0,0.4364373408478554,4,False,369.4282453978628,90.21811060428136,2.703666353772134,201.0,1.0,0.0,-0.0694960407136785,5,False,369.6350533621652,139.7237393404687,2.5656915840786922,174.0,1.0,0.0,0.0205383262100535,4,False,344.1054314802748,244.93819480656748,2.2613713658229813,244.0,0.0,1.0,0.0293208398865957,6,False
24F4D482F4799E36E0631318000A2831,1,377.02039878634014,191.31724254073808,2.299080619753642,184.0,0.0,0.1917133033275604,0.8964555272531701,5,False,373.4121307377539,90.85185676044266,2.6465535438316365,127.0,0.6174715757369995,0.0,0.1439234490401848,3,True,372.8503165191895,138.6337473909152,2.561198559127903,125.0,0.3721424612785773,0.0,-0.5475665795595821,3,True,343.9145710741791,244.74126756331847,2.261122099043882,249.0,0.0,0.2219833582639694,0.0653803616367565,7,False
24F4D482F4799E36E0631318000A2831,2,375.52081147822395,191.73178661750484,2.295742586820297,134.0,1.0,0.0,0.4169317845683943,3,False,370.23476946020855,90.41394490999616,2.680621250759548,192.0,1.0,0.0,-0.1869373838400048,5,False,368.1173877414792,140.0315258395287,2.6031129908110855,153.0,1.0,0.0,-0.0044447110731722,4,False,344.70842667559015,245.5615819510564,2.259876991222928,225.0,0.0,0.8482980180138067,0.0882494193576241,6,False
24F4D48672B99E4BE0631318000A50EF,1,376.6046788653743,191.26505289108673,2.3103409837317597,131.0,0.1274567377290635,0.0,0.1568305631696147,3,False,372.1753687028932,90.57776250499008,2.6578419310976025,149.0,0.6254520416259766,0.0,-0.0532760303443949,3,True,371.83865765939424,139.04961194292687,2.5470512462897075,131.0,0.4383101852638605,0.0,0.0484724450588073,3,True,344.19770498657726,245.03388455201767,2.2763795204735966,176.0,0.0,0.7990817749670226,0.0194028958701589,4,False
24F4D486AC219E4BE0631318000A50EF,1,374.63816305207166,191.66015838644623,2.279977387058727,219.0,1.0,0.0,0.392913745269223,6,True,385.44542985088583,93.53819046676593,2.5634811121031764,154.0,1.0,0.0,-0.4005353656894297,4,True,389.398361792447,134.3320090174494,2.5792714479592926,173.0,1.0,0.0,0.9466300543833298,5,True,339.94550237748473,240.63893041661248,2.266464572859921,273.0,0.0,0.94428953492739,0.0378405354089916,7,False
24F4D486AC219E4BE0631318000A50EF,2,373.71850284285387,191.46437091854148,2.260555871600432,165.0,0.5077917325827274,0.0,0.3821606246465693,4,True,370.5486383634761,90.49056714066718,2.6735890193836886,202.0,1.0,0.0,-0.1083571567244621,5,False,371.1581422968206,139.41713388323691,2.5510095536214745,177.0,1.0,0.0,0.035353541541241,4,True,343.38442782448465,244.19330400788047,2.2643204456360735,249.0,0.0,0.7976765036582947,0.2035979916796156,7,False
24F4D84895A8CFB2E0631318000A1DCB,1,374.44883761391935,191.53075158317588,2.291517086002537,144.0,0.5597497988809124,0.0,0.258557087990682,4,True,369.92318589254967,90.33817343825972,2.700049480577504,143.0,0.6015007501570288,0.0,-0.0380880097483615,3,False,370.4860315254318,139.55240038572157,2.560969821587233,132.0,0.0,0.0,0.0263835793153866,3,False,343.74105529903346,244.56193664972196,2.2810232443652794,164.0,0.5200847893442677,0.0,0.0194200418809574,4,False
24F4D84895A8CFB2E0631318000A1DCB,2,371.7138783963301,191.279259122102,2.1949929892981266,149.0,0.7871163317003355,0.0,0.194590691452619,4,True,368.51516489838815,89.99516644590544,2.7423044420784826,168.0,0.4587014615535736,0.0,-0.1871468020996235,4,False,371.3254941019519,139.3720149105993,2.5618166572574914,147.0,1.0,0.0,-0.2659039980699789,4,True,341.97704256116066,242.7385718867464,2.280009946345352,218.0,0.0,0.943063259124756,0.0249355642313456,6,False
24F4D848AB56CFB2E0631318000A1DCB,1,369.4521590218309,191.5311754421236,2.2089135282354,205.0,0.0,1.0,0.1274729683298404,5,True,380.3611930445514,92.40369096817608,2.547319845496488,119.0,1.0,0.0,-0.3242025555388266,3,True,378.7393806310544,137.15452742969092,2.550998870545636,155.0,0.1395184602973361,0.0063578837755059,-0.0904096490147333,4,True,339.4864219231642,240.16443729095363,2.2498169609510126,293.0,0.0,1.0,0.16060240374643,8,False
24F4D848AB56CFB2E0631318000A1DCB,2,372.6488800299618,191.3631592656727,2.2162542149449043,149.0,0.0,1.0,0.8485809723993343,4,True,370.27329955185854,90.42289746919135,2.6872724561928854,143.0,1.0,0.0,-0.1109837410606947,3,False,370.3446695804596,139.58066603541374,2.563175762305036,103.0,1.0,0.0,0.2025332739285659,2,False,343.16957603189735,243.97105253930852,2.2641393983484246,252.0,0.0,1.0,0.0138419693312946,7,False
24F68571E2FAD14CE0631318000A2537,1,374.03906346832713,191.49032650471747,2.2752954883409737,135.0,0.1985023878886764,0.0,0.3366370258490974,4,True,372.62102325748407,90.6753761669112,2.655544388683092,134.0,0.6371251940727234,0.0,-0.0217761950710086,3,True,373.722651893698,138.27544740330953,2.542708295964827,121.0,0.5174785387797863,0.0,0.0652181853414099,3,True,339.83136039703254,240.5209515276178,2.2774476960401007,208.0,0.0,0.4609972536563873,0.0179795188067468,6,False
24F68571E2FAD14CE0631318000A2537,2,374.9299231290565,191.66368468988532,2.2927249770733473,128.0,0.0,0.5061200196405335,0.1766514009319112,3,True,370.7365682382245,90.53591488282825,2.680009286806581,155.0,0.9007796216319016,0.0,-0.0645308368573661,4,False,370.0234239039491,139.64555751897564,2.5686048807708453,124.0,0.5734838146920823,0.0,0.0243959417604059,3,False,343.3583578242891,244.16664139139965,2.265885075551767,237.0,0.0,0.9083770057157496,0.1143079954930388,6,False
24F68571F9DCD14CE0631318000A2537,1,377.1242877221318,191.28845525776973,2.3100377303705764,153.0,0.1222055563984121,0.2809756879206497,0.4477118835340139,4,False,368.94203418166313,90.09948360631576,2.7183977977989886,199.0,1.0,0.0,-0.1013033797548769,5,False,368.1520359256551,140.02350748950414,2.60028611800482,168.0,1.0,0.0,-0.186055789417432,4,False,343.80370496053115,244.6266912572164,2.2616829737690693,248.0,0.0,0.6548782501256746,0.0221579881072197,7,False
24F68679B621D918E0631318000AB2A1,1,381.5973097164873,191.58820302909788,2.4373273611698454,145.0,0.0,0.4025834481295538,1.0,4,False,371.2604387138397,90.66360015722067,2.673803990283644,130.0,1.0,0.0,-0.106267818835605,3,False,371.7600005287308,139.0800770530182,2.5613308862411617,99.0,0.5179718863778794,0.0,-0.9390286479277264,2,True,343.77070557289835,244.5925560361545,2.259948003055269,254.0,0.0,0.7112315839097362,-0.0454679670267712,7,False
24F68679B621D918E0631318000AB2A1,2,379.03685208996785,191.39960623338092,2.3574292826322156,167.0,0.9854206022984986,0.0,1.0,5,False,371.7364156000348,90.77926038517465,2.657662357914513,164.0,1.0,0.0,0.0192009344176503,4,True,372.2084902557879,138.89659146050724,2.545345590918104,141.0,0.9834045742674428,0.0,-0.1606945755340941,4,True,344.2893990006791,245.1286346850357,2.2618687557428423,239.0,0.0,0.850877757197547,0.0390374452764268,6,False
24F68959F43B0832E0631318000AAF73,1,366.89526020066495,191.2856516838609,2.267608352458028,185.0,0.955428421497345,0.0,0.2998313123250188,5,True,374.18464721942047,91.0229023198811,2.6233375959719787,138.0,0.0,1.0,-1.0,3,True,371.5591475508183,139.16478062955025,2.5439504507806583,167.0,0.636896630155101,0.0,0.3236452992224304,4,True,342.66541848444786,243.45015579208317,2.2807429596152677,188.0,0.0,0.9795264810592932,0.0176389216684967,5,False
24F69EC616BE28BBE0631318000A2546,1,377.3393246032181,191.33313761591944,2.303351452207255,184.0,1.0,0.0,0.3542561703680889,5,False,370.77993593770543,90.54698644604689,2.668035687391428,204.0,1.0,0.0,-0.0305160033590388,5,False,371.06524118904935,139.43278808205187,2.558199094406554,189.0,1.0,0.0,-0.1654576352111668,5,True,344.57419021775894,245.42302507693395,2.256845384264319,254.0,0.0,1.0,0.0571894658669123,7,False
24F69EC616BE28BBE0631318000A2546,2,374.972130389328,191.58275256907035,2.287580591089029,167.0,1.0,0.0,0.2903302916220506,4,True,370.3730755367794,90.4471996214092,2.672995608208876,209.0,1.0,0.0,-0.0843920197572794,5,False,368.77064815135,139.8986662519386,2.5839034509149243,186.0,1.0,0.0,-0.1690580823961925,4,False,343.9913533058131,244.8207020014111,2.267458234714057,226.0,0.0,1.0,0.1022201908446189,6,False
2504B8584230C810E0631318000AA42C,1,375.07317520808334,191.62994269569103,2.2878598766416665,177.0,1.0,0.0,0.2870841758878891,5,True,367.8557884293167,89.83392888195466,2.7491042530807004,217.0,1.0,0.0,-0.1099357780556981,5,False,369.0082857938498,139.8505842729927,2.577076732446834,192.0,1.0,0.0,-0.0673148976428298,5,False,344.0127743296732,244.84277298433588,2.2644517565745046,235.0,0.0,1.0,0.0150021045467851,6,False
2504B8584230C810E0631318000AA42C,2,375.8056032773828,191.76039412201956,2.2914674930963197,186.0,0.0,0.0,0.8339531620886145,5,False,368.1527871176331,89.90702356823323,2.73916898653729,207.0,1.0,0.0,-0.1012768161359107,5,False,370.55483269871456,139.53699019854733,2.552112803057925,180.0,1.0,0.0,-0.0730724027272313,5,False,343.7905570541189,244.61274913222056,2.2600157208397125,256.0,0.0,1.0,0.0261044373735527,7,False
2505E734D9D8EBE6E0631318000A0E14,1,374.77315352992537,191.56869438390595,2.284726494211964,186.0,0.0,0.0,0.7082355194702245,5,True,368.556967732258,90.00529401989913,2.7306044163913006,201.0,1.0,0.0,-0.1075568220520023,5,False,371.76594054980507,139.0797647067158,2.5348964727888488,176.0,1.0,0.0,-0.0946072075995186,4,True,344.23284765189146,245.0702242277955,2.2634652824266297,232.0,0.0,1.0,0.063186785716657,6,False
2505E734D9D8EBE6E0631318000A0E14,2,374.02030113972467,191.48937374054208,2.275857434610385,148.0,0.7707212474926854,0.0,0.4398892753542976,4,True,370.2560046324332,90.41972449853432,2.678984469815048,198.0,1.0,0.0,-0.0406558017105219,5,False,371.0176595528269,139.4441686979576,2.5496244083167934,170.0,1.0,0.0,-0.0165323567690601,4,True,344.2669714870693,245.1055950664546,2.273078564989399,191.0,0.0,1.0,0.0489152597327097,5,False
2505E734D9D8EBE6E0631318000A0E14,3,374.5724575207232,191.54566771815325,2.285178730990268,176.0,0.9006491215661641,0.0,0.3443194049902327,5,True,370.7832495309424,90.5469753115196,2.665566733277689,213.0,1.0,0.0,-0.0651946035719762,5,False,370.15921907770263,139.61756894847477,2.5549560044801334,191.0,1.0,0.0,-0.0102569205517177,5,False,344.4925317731465,245.33815665090813,2.270112977221516,203.0,0.0,0.03381847805316,0.0429995779880032,5,False
2505E734D9D8EBE6E0631318000A0E14,4,374.49596509982064,191.5362574659933,2.298797614268541,155.0,0.6512947993291754,0.0,0.4063680926756264,4,True,369.48380553429695,90.23143380006259,2.7001826432499567,204.0,1.0,0.0,-0.0790888534014637,5,False,369.87673895043054,139.6749444524926,2.5648297412567826,177.0,1.0,0.0,-0.0522865249090884,4,False,344.1966217475106,245.0326624348824,2.270109818780655,210.0,0.0,0.840911865234375,0.0203930359269673,6,False
2505E734D9D8EBE6E0631318000A0E14,5,376.0384530770152,191.2657689483542,2.298419751717072,186.0,0.1443201014618879,0.0,0.4288830710697527,5,False,368.668608184466,90.03248628471584,2.7244158575725366,204.0,1.0,0.0,-0.0771130785205926,5,False,369.89128102365544,139.67182032556903,2.565053428767211,176.0,1.0,0.0,-0.0818771232335333,4,False,344.34324345141977,245.18366670296865,2.256754666112347,255.0,0.0,0.5246926506490229,0.0325506142186394,7,False
2506559AD23EC2AEE0631318000A6DCF,1,374.6899814069053,191.55546242106556,2.286899161291754,179.0,0.3009079098701477,0.0,0.3852500355122692,5,True,367.783206878986,89.81713947127209,2.751505561832936,212.0,1.0,0.0,-0.0824193110903625,5,False,367.8996651371072,140.07409584353996,2.602000456894084,188.0,1.0,0.0,-0.1519830470546929,5,False,343.9304663622425,244.75768013937008,2.2637258195435006,240.0,0.0,0.8511123298665998,0.0325196408025201,6,False
2506559AD23EC2AEE0631318000A6DCF,2,377.0438951132954,191.25244627137116,2.3029269204623457,190.0,0.0041544897603275,0.0,0.6752959291140238,5,False,369.542471673684,90.24498957899748,2.7003746768294787,207.0,1.0,0.0,-0.0680088034027912,5,False,371.842923970058,139.04721906267363,2.5337572257066596,183.0,1.0,0.0,-0.0799996499293323,5,True,344.0101737461964,244.83988187640824,2.2581491608504014,259.0,0.0283207446336746,0.7795841937277194,0.0477975310752735,7,False
2506559AD23EC2AEE0631318000A6DCF,3,374.7586889809279,191.67141808286289,2.283646355472226,195.0,0.6861684972552089,0.0,0.2818371583597835,5,True,368.12253501769,89.89939812307531,2.7414632747158976,216.0,1.0,0.0,-0.1599962405674218,5,False,372.21663895960074,138.8956628731588,2.530203895370951,200.0,1.0,0.0,-0.0063875109183986,5,True,343.95151606917653,244.77974430164255,2.2628550960884226,241.0,0.0,0.6690376400947571,0.0536451004347861,6,False
250750EA979325D1E0631318000A6368,1,377.18584008249496,191.3098258919015,2.3161657107993863,132.0,0.1930181873391185,0.0141621356166935,0.4581665716852479,3,False,368.50142157392605,89.9925664358075,2.7333365753479493,188.0,1.0,0.0,-0.153243129130124,4,False,369.2230508965972,139.807235620568,2.578728056189816,155.0,1.0,0.0,0.1150133530505545,4,False,343.7422699354239,244.5631584023216,2.2669116587222926,234.0,0.0,1.0,0.1246955295526251,6,False
250750EA979325D1E0631318000A6368,2,376.56565496625416,191.26595652846652,2.3073301825619352,157.0,1.0,0.0,0.4347250670648171,4,False,370.7028440124961,90.52787338729834,2.6703860636830514,195.0,1.0,0.0,0.0575013715856123,5,False,368.95127807009874,139.86218304838113,2.5880567494197866,170.0,1.0,0.0,-0.2093176819851149,4,False,343.35944735328326,244.16728294719096,2.2661943890503524,240.0,0.0,1.0,-0.0364771983577522,6,False
250750EA979325D1E0631318000A6368,3,376.048363551871,191.7583376083696,2.2996262038839927,148.0,1.0,0.0,0.2186812661027872,4,False,368.7996086109336,90.06484189449068,2.7231341404083738,185.0,1.0,0.0,-0.1052066686548061,4,False,369.4664992581487,139.7581711007606,2.574521738175681,160.0,1.0,0.0,0.1517559945157953,4,False,343.32895870734006,244.1362919196032,2.267403373853815,239.0,0.0,1.0,0.0604984001525414,6,False
250750EE1D62262BE0631318000A9A8C,1,376.47471140041375,191.2855916522427,2.3125742159300873,148.0,0.6914015412330627,0.0,0.2792429797343864,4,False,369.03955828400854,90.12353782042311,2.7131336796183216,202.0,1.0,0.0,-0.0405746386061158,5,False,367.708103346996,140.11261140816964,2.6075936268891913,177.0,1.0,0.0,-0.1846516709908607,4,False,344.15288223581786,244.9875605938936,2.2668514787064438,223.0,0.0,1.0,0.0161555100259521,6,False
250750EE1D62262BE0631318000A9A8C,2,375.65851044003455,191.7116400022248,2.293419189651396,164.0,1.0,0.0,0.2270535354280388,4,False,369.4923794717949,90.23227936068088,2.6998492654040938,209.0,1.0,0.0,-0.1508346977420199,5,False,369.9388330415851,139.66254966910813,2.560156062077209,184.0,1.0,0.0,-0.04431954743344,4,False,343.8480848401768,244.67227352493433,2.260067356904976,247.0,0.0,1.0,0.0377551708622866,7,False
250750EE1D62262BE0631318000A9A8C,3,375.84294609953656,191.7746895334216,2.3030890243824884,142.0,0.771377051479807,0.0,0.3682387788667183,4,False,369.06882631229246,90.13033951101258,2.7132535654461694,202.0,1.0,0.0,-0.0626293074939357,5,False,368.2785752316738,139.99817952906832,2.5967732449795338,175.0,1.0,0.0,-0.1032637957879837,4,False,343.8821988087085,244.70822898443828,2.266617611082052,232.0,0.0,1.0,0.0718653837636108,6,False
250750EE1D62262BE0631318000A9A8C,4,375.48936303642625,191.70916126205609,2.293882599194764,143.0,0.3221456416461098,0.0,0.5804769522025972,4,False,368.79493226991553,90.06406126573827,2.723424583967717,193.0,1.0,0.0,-0.037625711180049,5,False,368.3337439560309,139.98732579827208,2.596118109881928,161.0,1.0,0.0,-0.0376853412495028,4,False,343.7392928861243,244.560209062242,2.263586025516181,244.0,0.0,1.0,0.073482340967125,6,False
250750EE1D62262BE0631318000A9A8C,5,376.6213835188486,191.26909459678873,2.3082791624717345,132.0,1.0,0.0,0.2797356007747279,3,False,368.89915034575864,90.08865955368655,2.72029144638289,196.0,1.0,0.0,-0.1301544384924945,5,False,369.7981118422288,139.69110929048978,2.5655650336008806,166.0,1.0,0.0,-0.0329579419026581,4,False,343.6289821168545,244.44671630859372,2.2801957567229523,163.0,0.0,1.0,0.018906950583307,4,False
2507BD48CD8AF3C1E0631318000A3606,1,379.0607014160475,191.38195098828123,2.3571082879581082,187.0,0.0,0.863920697706721,0.8358788597332502,5,False,371.08760525415136,90.62157937904793,2.6843472035550393,105.0,1.0,0.0,0.0565710277235411,3,False,377.3342026056959,137.74480115545845,2.553006107135458,123.0,0.644931470215936,0.0,0.5087920793156749,3,True,344.23062595658496,245.06790302327616,2.2497918676491375,287.0,0.0,0.7266574129919153,0.0536228401407851,8,False
2507BD48CD8AF3C1E0631318000A3606,2,375.43580928415855,191.70131828222992,2.2900461494399167,154.0,1.0,0.0,0.4900877428909336,4,False,368.92048029476973,90.09436897134397,2.722140409910156,189.0,1.0,0.0,-0.068293739136245,5,False,368.8894307602008,139.87431664659567,2.588608581513321,162.0,0.6057324433820853,0.0,-0.0118823650408864,4,False,343.3744748215548,244.18286881633128,2.275101740773693,206.0,0.0,1.0,0.0952052898357754,5,False
2507BD48CD8AF3C1E0631318000A3606,3,375.26511011810715,191.6829127585357,2.2889828635633855,142.0,3.37334319982e-05,0.2000857029950146,0.450357469779313,4,False,369.32091718327206,90.19186464578468,2.707246388401362,200.0,1.0,0.0,-0.1511087693539661,5,False,368.1324711295183,140.02803922184927,2.59828480122808,170.0,1.0,0.0,-0.0455289400742201,4,False,343.3751247541797,244.1837280072604,2.2674040157496127,237.0,0.0,1.0,0.0048417099399117,6,False
2507CD152396AC48E0631318000AD7C1,1,377.5560550672743,191.35080528157553,2.310023489210341,190.0,0.9152806303236216,0.0,0.678284541384379,5,False,369.1537818911027,90.14980307457839,2.7101587151635367,210.0,1.0,0.0,-0.1320333090881149,5,False,372.38726241389566,138.82483587513113,2.536704351005135,185.0,1.0,0.0,-0.0438906324848054,5,True,344.2526328183144,245.09066857614584,2.264293808313409,233.0,0.0,0.8835344172679511,0.0361408379420578,6,False
2507FD164D9449F0E0631318000AC74D,1,385.8175154305611,191.8102203419132,2.552984815117041,184.0,0.0,0.4913898997948685,0.5910488460789265,5,False,378.87037615131646,92.06962744774924,2.549604767503123,106.0,0.3803158700466156,0.0,-0.0963974650915188,3,True,390.9278805522124,134.39349331277273,2.584884419377365,114.0,0.2745465341240096,0.0,0.351266273957159,3,True,344.8069601117805,245.66360774289328,2.252449851062132,261.0,0.0,0.2786795485356838,0.0242439585984972,7,False
2507FD164D9449F0E0631318000AC74D,2,376.921834454392,191.25573166933927,2.296564582170862,173.0,0.8116731643676758,0.0,0.1751294557259164,4,False,369.78422928058177,90.30381342798611,2.6954154224385665,192.0,0.8503567307856523,0.0,-0.076831599393104,5,False,371.8161133590832,139.058624825189,2.5374281081946397,173.0,0.5175185937038791,0.0,-0.0908825314711165,4,True,344.238719282539,245.07643712981363,2.279567016390021,154.0,0.2393489196519866,0.0,0.0093849427646831,4,False
2507FD164D9449F0E0631318000AC74D,3,376.6908799942301,191.29387845324516,2.307641243559438,149.0,0.3477073311805725,0.0,0.5284396780236426,4,False,369.2471589945505,90.17293605997662,2.712456575868444,188.0,1.0,0.0,-0.1498122802368121,5,False,370.5225445079242,139.5442654390712,2.5524079200096548,158.0,1.0,0.0,0.1588611176176367,4,False,344.0623183120144,244.8937478143661,2.2723268411361457,203.0,0.0,0.8352749347686768,0.1158508372803529,5,False
2507FD164D9449F0E0631318000AC74D,4,376.66235370044,191.27059698574115,2.3012402315738973,163.0,0.3995185077731849,0.0,0.3257375146564798,4,False,369.78444127828215,90.3035162238393,2.6890675125336663,204.0,1.0,0.0,-0.0734445868216548,5,False,369.80935533261373,139.68810970141033,2.5650775183479446,180.0,1.0,0.0,0.0040300096836867,4,False,343.9546636198434,244.78226337976372,2.2713616700106063,212.0,0.0,0.8123957192447502,0.1080902958593675,6,False
2507FD164D9449F0E0631318000AC74D,5,377.4195582731989,191.32935336746328,2.3120944673475115,165.0,0.6280753865800134,0.0,0.637873862384233,4,False,370.47804522921626,90.47349599469823,2.672067882510272,205.0,1.0,0.0,-0.0129108052411937,5,False,369.260787801786,139.8001577119726,2.5763431367816256,177.0,1.0,0.0,-0.1255466468598303,4,False,344.3911572911838,245.23485670372665,2.2611786247062566,242.0,0.0,0.9633974432945251,0.0150911035354792,6,False
2507FD165CF949F0E0631318000AC74D,1,375.59635078694174,191.72921795824288,2.3050195783142575,144.0,0.4495430567448676,0.0,0.5421569760614793,3,False,370.3316223397738,90.43785829938739,2.691376425374872,124.0,0.7782038167958844,0.0,-0.1543562151510493,3,False,375.83462754937864,138.37644048503518,2.5419152422744205,120.0,0.6265847574345084,0.0,-0.0467394683841486,3,True,343.2000135664574,244.00268417645017,2.2853622036140258,151.0,0.0,1.0,-0.0831110388799272,4,False
2507FD165CF949F0E0631318000AC74D,2,374.7962423077458,191.67315369196055,2.2857140106670126,174.0,0.4918394406473331,0.0,0.5651829064594428,5,True,369.68349841992335,90.27927786128176,2.699162607420859,173.0,0.8842602968215942,0.0,-0.1386311270947368,4,False,373.22632466872767,138.47895658610503,2.540011647160102,154.0,0.718195348715852,0.0,-0.0230905550157875,4,True,343.8683312921436,244.6935006934115,2.261090692761439,249.0,0.0,1.0,0.0987355891867271,7,False
2507FD165CF949F0E0631318000AC74D,3,373.3513364651338,191.42921662573855,2.2393256546661333,156.0,0.4129778010332781,0.0,0.1901874925862686,4,True,369.05243989610176,90.1249219401556,2.7119217538183458,207.0,1.0,0.0,-0.0677363138495983,5,False,369.9879983557838,139.65272955354928,2.563042562489116,175.0,1.0,0.0,-0.0317645986622843,4,False,343.5702687722665,244.38545299900903,2.2650676347591254,243.0,0.0,1.0,0.0266701566676298,6,False
2507FD165CF949F0E0631318000AC74D,4,377.81312379056783,191.33898883906653,2.322661714267657,169.0,0.7838037273430708,0.0,0.7007683625310529,5,False,367.4190479677543,89.72915720885818,2.7708189749376855,182.0,0.6487483950689199,0.0,-0.0512473072052181,4,False,369.1140304767088,139.82841438534837,2.579699607099778,169.0,1.0,0.0,-0.2800732275391274,4,False,344.48079564580746,245.32583286972172,2.2590949853617888,247.0,0.0,1.0,-0.0060635028658742,7,False
2507FD165CF949F0E0631318000AC74D,5,379.1425755330474,191.39659935294924,2.360463327692996,177.0,0.5279417783802092,0.0054066174665228,0.9997002054190066,5,False,371.2971025868095,90.67210923789612,2.66963833746435,147.0,0.8871585632712198,0.0,-0.1587617878846796,4,False,377.22645038272327,137.7908758646225,2.547444424490711,150.0,1.0,0.0,-0.1928653375241766,4,True,343.92766530060567,244.7551476502221,2.2554262763212534,270.0,0.0,0.2033751005506958,-0.0502897672420598,7,False
2507FD165CF949F0E0631318000AC74D,6,367.6078639325568,191.36967373826215,2.2495520806079576,141.0,0.0,0.0,0.0692007526367029,4,True,364.65632944521695,89.05802674915478,2.8795547997174054,104.0,0.0,0.0,-0.1343389370924104,3,False,365.38966277415017,140.58191941020968,2.6695095380872247,122.0,0.0,0.0,0.0023398461269518,3,False,345.16824350645675,246.03727450005408,2.259610074915889,221.0,0.0,1.0,0.1027698514063129,6,False
2507FD165CF949F0E0631318000AC74D,7,374.3758831142639,191.526295537534,2.2793414318783682,186.0,1.0,0.0,0.2022119999070715,5,True,368.9185386667288,90.0920534313398,2.7162549639286633,219.0,1.0,0.0,-0.1629687599847128,5,False,371.7180158139859,139.09909607136368,2.530817257130265,200.0,1.0,0.0,-0.0907586148064397,5,True,343.92755657530006,244.7552142725332,2.267817410823008,225.0,0.0,0.9770147204399108,0.0271397508145683,6,False
2507FD165CF949F0E0631318000AC74D,8,375.0400606312264,191.66896163271903,2.280751354139095,177.0,0.8765200159579034,0.0,0.2815971204654516,4,True,369.97340198723685,90.34903636225235,2.684332924111644,215.0,1.0,0.0,-0.1306583569073887,5,False,371.57290561916113,139.15967039094937,2.5437344020896857,191.0,1.0,0.0,-0.1006955674061408,5,True,344.37102828025814,245.21153551340103,2.275189587287605,179.0,0.0,0.9675897574052214,0.0360797889254172,5,False
2507FD165CF949F0E0631318000AC74D,9,374.89402408615,191.57651907002008,2.281835185809207,189.0,1.0,0.0,0.3280395356268045,5,True,369.8530885299834,90.31968562437757,2.686649298018748,219.0,1.0,0.0,-0.0913506614800431,5,False,370.1123194739443,139.62688366978517,2.556476215655197,196.0,1.0,0.0,-0.0931375091281264,5,False,344.32072197211966,245.1599643693302,2.2632370859712037,232.0,0.0,0.998528561094305,0.0687717268645981,6,False
2507FD165CF949F0E0631318000AC74D,10,374.6072829849549,191.54695301324548,2.2820533077481766,194.0,0.0,0.0,0.3376110789288053,5,True,369.8181526051562,90.31372317368576,2.688616471018448,218.0,1.0,0.0,-0.0875999316406752,5,False,370.4873706213112,139.54969807400727,2.548827957585861,194.0,1.0,0.0,-0.1271683539777912,5,False,344.5301202601418,245.37491881347387,2.257198888208166,253.0,0.0,1.0,0.0745641856555051,7,False
2507FD165CF949F0E0631318000AC74D,11,375.17451941745105,191.72595676129555,2.276323556367444,197.0,1.0,0.0,0.3167097508152828,5,True,368.83170691554074,90.07389685770417,2.716736865102801,220.0,1.0,0.0,-0.1148397242534841,5,False,370.0146292790204,139.6459963937262,2.5578075820777864,203.0,1.0,0.0,-0.0978237985295205,5,False,344.3173587611787,245.1555507571198,2.2673042495121325,219.0,0.0,0.996913194656372,0.0286862036088139,6,False
2507FD165CF949F0E0631318000AC74D,12,375.1210997906391,191.6316229769024,2.278527680611768,186.0,1.0,0.0,0.3789697282668682,5,True,369.659936348496,90.27433051334064,2.693955653791974,213.0,1.0,0.0,-0.1000525575724376,5,False,370.7797110421317,139.4917751740814,2.551029375125234,191.0,1.0,0.0,-0.0909111190706119,5,False,344.35012030654605,245.19160302550864,2.2581706126707966,250.0,0.0,0.7539582848548889,0.0801012635724681,7,False
2507FD165CF949F0E0631318000AC74D,13,377.50060216326256,191.3433171513853,2.3073654570415396,195.0,1.0,0.0,0.5870500044389204,5,False,366.80328097303374,89.58003986262476,2.798576916766768,165.0,1.0,0.0,-0.0666465826395179,5,False,374.3516458925089,138.01701088524126,2.5342360603207617,187.0,1.0,0.0,-0.0998741352338582,5,True,344.11693381619534,244.95017722165224,2.2603104181579314,246.0,0.0,1.0,0.0327372627397758,7,False
2509854B41DE42BCE0631318000A37F8,1,378.0495711573354,191.34316777182624,2.3330216323370694,158.0,0.0,1.0,0.4509463533433479,4,False,368.342650703543,89.95332563084182,2.7372680492980206,188.0,1.0,0.0,-0.0587364606154771,4,False,368.3459372373821,139.98367801117917,2.6009501849231595,152.0,0.7051798758388785,0.0,-0.1861947338897373,4,False,345.80907623878267,246.70403241685688,2.2380755300777966,258.0,0.0,1.0,0.0782511869777481,7,False
2509854B41DE42BCE0631318000A37F8,2,377.47454739235815,191.32486337219308,2.316611133257022,165.0,0.4113066112976945,0.0,0.5943144863761249,4,False,368.3651003250582,89.95994907069256,2.7379123546899975,178.0,1.0,0.0,-0.092364521501491,4,False,369.3465765633821,139.78007075018888,2.5787241064653386,160.0,0.7970940860754371,0.0,-0.1632081511930248,4,False,344.4288672988968,245.2728011056188,2.2538263874679356,264.0,0.0,0.8445585993032,0.0667025307343018,7,False
250985F2AA094830E0631318000A80A4,1,377.58309507391704,191.3077791928785,2.3221641661715866,159.0,0.6346560287439702,0.0,0.265986715117964,4,False,370.23552054358015,90.413825886248,2.685095773472249,188.0,1.0,0.0,-0.281162968409187,5,False,371.3912605108474,139.2321888097312,2.5573594577167134,170.0,1.0,0.0,-0.1422847598839787,4,True,342.5784506866477,243.360272032116,2.2645493161379378,262.0,0.0,1.0,0.0402834712675714,7,False
250985F2AA094830E0631318000A80A4,2,375.8377042013704,191.7809377585096,2.3010598278205534,159.0,1.0,0.0,0.3681636958111689,4,False,370.2848039340896,90.4258596403272,2.6795883905375186,207.0,1.0,0.0,-0.0290995261662874,5,False,369.6334217574837,139.72450314383815,2.566755186068784,184.0,1.0,0.0,-0.0626853220863055,4,False,343.3249127727736,244.13197185601328,2.2656261572447,242.0,0.0,1.0,-0.0106142372796457,6,False
250985F2AA094830E0631318000A80A4,3,377.31961031350625,191.26040282558105,2.304926285183099,197.0,1.0,0.0,0.4697158569310111,5,False,369.19544100411986,90.16204843445855,2.725498098397067,121.0,1.0,0.0,-0.0553918234970349,3,False,376.04918939131727,138.28700428250468,2.541607955135877,150.0,1.0,0.0,0.2331178590466704,4,True,344.34141903072987,245.18272364046183,2.2742835473142775,185.0,0.0044019690656416,0.9076238451987582,0.030486329485402,5,False
250985F2AA094830E0631318000A80A4,4,373.5233331640018,191.44553077081716,2.254875465120588,142.0,1.0,0.3154223990884626,0.3490665913368604,4,True,370.0447809879347,90.36688110019624,2.685443275806289,199.0,1.0,0.0,-0.116756924066533,5,False,369.05994969721354,139.84055026261396,2.580955713754997,164.0,1.0,0.0,-0.0028925044400939,4,False,343.35220282229386,244.16019033531236,2.2667501598424304,241.0,0.0,1.0,0.0517266050637888,6,False
25098B1BE2BA8797E0631318000ABD41,1,376.48541896082565,191.2816071971028,2.315050724675366,139.0,0.9116723311660356,0.0,0.2830255885533949,4,False,366.2716088728127,89.449948148774,2.807795665883031,198.0,1.0,0.0,-0.2111955464583343,5,False,368.14187769531054,140.02602965716088,2.599311882977196,176.0,1.0,0.0,-0.2161336861611403,4,False,344.01142843312,244.84138385603208,2.263567259990936,239.0,0.0,1.0,0.037456790002001,6,False
25098B1BE2BA8797E0631318000ABD41,2,377.4480005375622,191.3081094478559,2.3076298951712446,196.0,1.0,0.0,0.438745559956035,5,False,375.12014303929834,91.23322671146717,2.600522651675662,190.0,1.0,0.0,-0.0613843155325757,5,True,376.0243024039482,138.30002596521265,2.5322186335620205,195.0,1.0,0.0,-0.0842509302235066,5,True,342.93632457826743,243.73022970233816,2.275827628824594,213.0,0.0,0.9384903311729432,0.0245673162023808,6,False
250991E4AFC5E71BE0631318000A4624,1,378.3502561693989,191.37961903143048,2.343875184003557,142.0,1.0,0.0,0.8386755067291661,4,False,371.0023842195878,90.6006894861698,2.6659999797003926,188.0,1.0,0.0,0.0415879289157651,5,False,369.3481294472752,139.7821957288642,2.5771937253748916,156.0,1.0,0.0,-0.1511474753067595,4,False,344.90977550228365,245.7698949865004,2.2588680133475028,234.0,0.0,1.0,0.0032347190234654,6,False
250991E4AFC5E71BE0631318000A4624,2,374.3608457652817,191.52412498312768,2.289462509202665,154.0,1.0,0.0,0.1225339447926416,4,True,369.3335195359669,90.19508931098343,2.707754898039521,204.0,1.0,0.0,-0.0390726730009065,5,False,370.6554292617744,139.51754725717564,2.544807745468574,187.0,1.0,0.0,0.0597667198866817,4,False,344.2642467416573,245.10271585036833,2.265685463979232,228.0,0.0,1.0,0.0066811968860673,6,False
2509A909814F1F2CE0631318000A4D58,1,379.3617950543785,191.42465536474697,2.3733841200472146,150.0,0.2390502652126137,0.0,1.0,4,False,370.0725894690556,90.37341583433165,2.690559378896201,173.0,1.0,0.0,-0.0946601516154865,4,False,370.69184226723974,139.5105989443479,2.557867305680018,134.0,1.0,0.0,-0.0186311981270909,3,False,343.837682524852,244.66178825253115,2.2654393844442584,236.0,0.0,1.0,-0.0604719365228133,6,False
2509A909814F1F2CE0631318000A4D58,2,379.45978715778585,191.4305510281724,2.372891124959874,167.0,0.1644580272412654,0.0,1.0,4,False,371.8472795649108,90.74644186139513,2.6712778553628636,106.0,1.0,0.0,1.0,3,True,373.46796848849897,138.37914230942243,2.543276177547929,143.0,1.0,0.0,-0.3852701998040407,4,True,344.68979645197606,245.54234167456823,2.2558675900835587,253.0,0.0,0.3307782592170464,0.0341585466842304,7,False
2509A909A6581F2CE0631318000A4D58,1,376.5292952602823,191.81671765684953,2.2943617039023074,188.0,0.0,0.7268509262094958,0.3963097910762973,5,False,368.78645280729114,90.0616927965911,2.723871164132699,191.0,0.8247348666191101,0.0,-0.12712514042007,5,False,370.2028855437468,139.60771268495287,2.559846864709288,171.0,0.7627937844677382,0.0,-0.2323035004826754,4,False,344.59094069087433,245.4403548409473,2.2506602228023724,274.0,0.0,0.5813980769693725,0.0667327922240902,7,False
2509A909A6581F2CE0631318000A4D58,2,374.63834214413293,191.54842545917464,2.297814786381205,141.0,0.0815070637958037,0.3236433008577642,0.5842160942046885,4,True,369.28462093965675,90.18224945520512,2.705160231005965,195.0,1.0,0.0,-0.0891912705184629,5,False,368.2184252357647,140.01031531533187,2.5990543156375376,158.0,1.0,0.0,-0.0545417158251831,4,False,342.7340787072697,243.52103685549167,2.26231277604618,255.0,0.0,0.9689458012580872,-0.0391345019036895,7,False
2509A909A6581F2CE0631318000A4D58,4,372.6605803425012,191.3652997258148,2.221772439705671,130.0,1.0,0.0,0.2312222585017894,3,True,369.5342686791682,90.24230271569427,2.69957498350668,193.0,1.0,0.0,-0.1481674967283758,5,False,369.28085172979326,139.7958041966888,2.576866945145661,156.0,1.0,0.0,-0.0174344582487193,4,False,343.9547657616044,244.7828453227771,2.268653717456736,216.0,0.0,1.0,0.0796230938152283,6,False
2509A909A6581F2CE0631318000A4D58,5,374.86908041962687,191.65212542484892,2.285005934649004,153.0,0.0607110389657431,1.0,0.2775841165345241,4,True,367.6149232640462,89.77705750741919,2.760044677928617,195.0,1.0,0.0,-0.1172840616690809,5,False,368.75366348007975,139.90269196073885,2.5876687043804236,159.0,1.0,0.0,-0.0280754285217341,4,False,343.61458112092294,244.4305491169472,2.263069000078424,249.0,0.0,1.0,0.0695577081451568,7,False
2509E69199AA8677E0631318000AC88A,1,375.8921661696683,191.6686863080464,2.290364985454789,257.0,0.7334500525386756,0.2036378979682922,0.6571457578736383,7,False,383.310292522756,93.06064997295917,2.5445830122509645,186.0,1.0,0.1824355562422648,-0.7333904617159914,5,True,386.21414187822353,135.68115050324204,2.5655964390643424,209.0,1.0,0.162098132457766,0.8089770163072948,6,True,342.2718974213176,243.04343553012745,2.2546067192557815,314.0,0.5270232913473807,0.1141589642711556,0.0290836598013256,8,False
2509E69199AA8677E0631318000AC88A,2,360.5294616278748,191.41498230372272,2.1991144905669673,186.0,1.0,0.3300037384033203,0.1540154477618418,5,True,374.1308095785408,91.01239830860621,2.627524493409928,161.0,1.0,0.3880374436387298,-0.1169400505393902,4,True,370.8336951486377,139.48276754412475,2.546529296934028,174.0,1.0,0.3190038204193115,-0.05874076335037,5,True,339.2955091911765,239.96731023092832,2.2608577353533574,230.0,0.0,0.4657970541925991,0.1811935285890803,6,False
2509E691A2DE8677E0631318000AC88A,1,375.38426778410206,191.74290792968463,2.285332472348442,165.0,1.0,0.0,0.3138587859284642,4,False,367.62755700533353,89.77924023121814,2.7585435054241145,205.0,1.0,0.0,-0.1980159330005064,5,False,369.1303243102768,139.82610030872826,2.577539082251787,186.0,1.0,0.0,-0.2364302491155366,4,False,344.2689111824376,245.10751946848816,2.2617038819424375,240.0,0.0,1.0,0.0028445795584455,6,False
2509E691A2DE8677E0631318000AC88A,2,375.40771611039594,191.69779187879047,2.2885000025601276,150.0,1.0,0.0,0.975755873675754,4,False,369.18607318898125,90.1591195938025,2.711158531830024,188.0,1.0,0.0,-0.0953446724207612,4,False,366.7327329525049,140.31107231499493,2.631950757101826,152.0,1.0,0.0,0.0658646103608813,4,False,343.86780418113426,244.69293529369213,2.2706035755298757,215.0,0.0,0.9384903311729432,0.1044689314232932,6,False
2509E691A2DE8677E0631318000AC88A,3,378.5140334466392,191.38060022516845,2.3455843314518905,151.0,1.0,0.0,1.0,4,False,369.69755092942074,90.28310860577228,2.6987519260520476,174.0,1.0,0.0,-0.1579091264831959,4,False,370.1099067448376,139.62674244675355,2.560998377606822,147.0,1.0,0.0,-0.3704120010666593,4,False,344.14092434315677,244.97479817764767,2.2589513965188717,255.0,0.0,1.0,0.0319128240651131,7,False
2509E691AF248677E0631318000AC88A,1,377.86715249158095,191.34233176225044,2.325955235843616,166.0,0.9712252293804894,0.0,1.0,4,False,369.77361335347166,90.30083899748477,2.6935833971501535,190.0,1.0,0.0,-0.0601894974879797,5,False,371.60605279511685,139.1450295663059,2.547658700129296,160.0,1.0,0.0,-0.1717839803981856,4,True,343.70156454409494,244.521101825574,2.2671652385408794,233.0,0.0,1.0,0.017076543013817,6,False
2509E691AF248677E0631318000AC88A,2,375.57272874026813,191.74202972080596,2.2897510322506136,158.0,0.9841336606367684,0.0,0.8417252945888578,4,False,368.75911583580154,90.05525510856904,2.7230332356550684,206.0,1.0,0.0,-0.0789243573475678,5,False,368.5344400773717,139.94610033008365,2.59006011340266,179.0,1.0,0.0,-0.0253286240368324,4,False,344.08638904095795,244.9191071758009,2.266482038569784,228.0,0.0,0.8356214165687561,0.0091358476787302,6,False
2509E691C5B88677E0631318000AC88A,1,369.77269878377047,191.582995492938,2.2063971386131453,106.0,1.0,0.0,0.5965811711063768,3,True,376.6742277284073,91.5802067271188,2.5832869666411695,65.0,1.0,0.0,-0.4524209806953585,1,True,367.63331563744305,140.12947923387233,2.6242099356377264,86.0,1.0,0.0,0.6127857794652385,2,False,343.25350624577237,244.05801027084388,2.276732530013415,191.0,0.0,1.0,0.3272095122104544,5,False
2509E691C5B88677E0631318000AC88A,2,385.5362127926569,191.81552197570448,2.5527696822716934,139.0,0.0,1.0,1.0,4,False,368.13361325471294,89.90222320003785,2.763475031668437,73.0,1.0,0.0,-1.0,2,False,379.73686826377207,136.7324864246846,2.567943306628516,94.0,1.0,0.0,-0.2499770249728755,2,True,345.64838685900907,246.53516191252504,2.244560968751883,250.0,0.0,0.7951557024211604,0.4955315313204842,7,False
250AAAA53CED254FE0631318000A37BF,1,376.46862069611433,191.72723218419532,2.289179361691014,270.0,0.765857137688039,0.0,0.4516595587456081,7,False,383.042232274927,93.0017792740315,2.5459647124291673,201.0,1.0,0.0,-0.7893130384347646,6,True,385.66591712895047,135.97362263549604,2.5601933029459314,229.0,1.0,0.0,0.4777976790399251,7,True,343.01628338053996,243.81282380398287,2.2567864101749153,309.0,0.0,0.0,0.1246015561988146,8,False
250AAAA53CED254FE0631318000A37BF,2,373.765984730184,191.46249363048327,2.2313693589907246,254.0,0.0,0.0,0.5479722601109186,7,True,379.0575839446258,92.11228144072481,2.534719851349144,169.0,0.9571241030883108,0.0,-0.371585086988179,5,True,381.6117818196614,136.86105346679688,2.558538548151652,206.0,0.7974822600682576,0.0,0.2694181591272354,6,True,342.88855770188934,243.68073814102928,2.258167863211896,301.0,0.0,0.0,0.1327815533031875,8,False
250AAAA53CED254FE0631318000A37BF,3,371.9117808077348,191.29518370303808,2.191984458943312,167.0,0.8851512463679488,0.2425636131289117,0.5404100347376619,5,True,371.20118449364435,90.64884396794706,2.66564901843058,196.0,1.0,0.0,-0.0482705148185631,5,False,371.51259098089446,139.18488642909557,2.550353754546857,176.0,1.0,0.0,-0.0593629668165803,4,True,342.7268721930131,243.51369264901405,2.2688701440052808,245.0,0.0,1.0,0.12560507697462,7,False
250AAAA53CED254FE0631318000A37BF,4,370.8260650859584,191.67901383297388,2.1855694418629956,163.0,0.0948163396219182,0.9779439700124039,0.4240716950776978,4,True,371.31052856445314,90.67556770726254,2.6622391750938013,191.0,1.0,0.0,-0.0420499304407521,5,False,370.393300188163,139.5705117528728,2.5569394799119816,161.0,1.0,0.0,0.0452834289697635,4,False,342.9452080430728,243.73926615413893,2.2647393599504433,254.0,0.0,1.0,0.1790364448396404,7,False
250AAB28E2BB39D6E0631318000AB3DB,1,370.0559508444911,191.5983333717714,2.1983931719255168,176.0,0.673985978810469,0.5293053423084942,0.3400245815372162,4,True,375.4042113369144,91.29658543797882,2.5970192214851946,151.0,1.0,0.0,0.0687991896123348,4,True,373.62199822862385,138.3176248356226,2.530554926159269,154.0,1.0,0.0,-0.2321955282976839,4,True,342.6198448894679,243.4030889016936,2.2616797715076133,271.0,0.0,1.0,0.033318923615808,7,False
250AAB28E2BB39D6E0631318000AB3DB,2,377.8490606557884,191.33124258218965,2.329927668661139,146.0,0.0,0.950641668903556,0.9308288644676342,4,False,370.4122573543007,90.45680121028448,2.6805789021062814,180.0,1.0,0.0,-0.1013955471100975,4,False,368.19774580527326,140.01404465884184,2.6064842063728335,141.0,1.0,0.0,-0.2886379876802798,4,False,343.6638736289953,244.48229892246107,2.2596154157941943,259.0,0.0,1.0,0.0309063978311196,7,False
250AAB2901E439D6E0631318000AB3DB,1,379.60006551573633,191.449453518482,2.36377286647986,266.0,0.6950984127705292,0.0,0.5943173641203673,7,False,387.01518016891856,93.88670404384685,2.5775122514272253,186.0,1.0,0.0,-1.0,5,True,390.1968998057002,133.97904773811683,2.572178345689576,220.0,1.0,0.0,0.0965005240251976,6,True,343.9936969541234,244.82303299736265,2.2534224458939023,301.0,0.3998801488433753,0.0,0.0588677633680432,8,False
250AAB703D073F5FE0631318000AADFD,1,381.6326505509337,191.53327497620552,2.430623466460677,195.0,0.0,0.0,0.3624722791476584,5,False,382.12385008950133,92.79888865628267,2.550050924809295,134.0,0.8147312199699971,0.0,0.966998887139694,4,True,382.751927234428,136.36375456816933,2.570765781190884,167.0,0.57015283965821,0.0,-0.3099737234946611,5,True,343.919879107598,244.74673232079647,2.2643967419919986,228.0,0.7287688599382047,0.0,0.0091246024855627,6,False
250AAB703D073F5FE0631318000AADFD,2,374.6610945330657,191.54959650724223,2.2934805194650116,140.0,0.6703101852669805,0.0,0.2080802186091782,4,True,369.547788717248,90.24701545389831,2.708168849141243,163.0,0.8643168045008219,0.0,-0.0636257424780034,4,False,371.5081391841807,139.1856202986992,2.560727626200571,140.0,0.3455956764086879,0.0,-0.1823226294554121,4,True,342.770546241086,243.55900736497773,2.2789121311557845,205.0,0.0,1.0,0.0982379252901581,5,False
250AB0018C8A7A55E0631318000A165F,1,380.99693940183215,191.53175281687928,2.421033332169563,136.0,0.0,0.963084876537323,0.6257034813417411,4,False,368.9709675494444,90.10647988050886,2.722903122467902,176.0,0.9588122341629948,0.0,-0.3153954281817072,4,False,368.5677254638848,139.93990444055015,2.594366488160691,131.0,1.0,0.0,-0.0721309755538052,3,False,344.5525086811688,245.40062406257675,2.257157467903746,253.0,0.0,1.0,0.0135186964577208,7,False
250AB0018C8A7A55E0631318000A165F,2,377.4591208668728,191.3274725216802,2.328206734642548,109.0,0.1413632661818168,0.0,0.9847364925435373,3,False,368.861385839044,90.07939325389914,2.7207924190274797,187.0,1.0,0.0,-0.1176141677605661,4,False,366.954936504364,140.26597849889234,2.6267680170183834,145.0,1.0,0.0,-0.0639204365460583,3,False,343.03285727858207,243.82988804491916,2.269050615096713,237.0,0.0,1.0,-0.0537565731835983,6,False
250AB9F2C8DE07BBE0631318000ADD5C,1,375.99070637392913,191.78783928961872,2.30667346335706,140.0,0.10607243259676,0.6965013783488391,0.2767352681034439,4,False,367.70608400828365,89.79797857989226,2.7574753985967186,193.0,1.0,0.0,-0.157816002286077,5,False,369.95548401881535,139.6589515389667,2.5635878320653545,160.0,1.0,0.0,-0.0025320762789628,4,False,342.66082443023697,243.44542501100207,2.266700590339556,251.0,0.0,1.0,0.0229193279731759,7,False
250AC21A72897621E0631318000A94DB,1,379.5512043858928,191.4507578655276,2.3696891095572936,194.0,1.0,0.0,0.9953686880057148,5,False,374.7078525937335,91.13958948584852,2.609361295278729,159.0,1.0,0.0,-0.0959826376561507,4,True,380.7158613940591,137.23982679752777,2.559748793928221,172.0,1.0,0.0,0.0860978952266633,5,True,345.5545543694177,246.4363079535213,2.2430670034078615,256.0,0.0008585431591308,0.6644053023072084,0.6361159247675886,7,False
250AC21A72897621E0631318000A94DB,2,376.848384093837,191.27363288512268,2.2998144239492864,155.0,1.0,0.0,0.7532181093998717,4,False,371.28642310205,90.66976206913661,2.6604058074130337,190.0,1.0,0.0,0.0331804900887052,5,False,369.68021750496126,139.71534274674687,2.574035251562235,157.0,1.0,0.0,-0.0848844645251415,4,False,344.95282559310147,245.8142646606917,2.2589760751613777,227.0,0.5861619226076427,0.9619202063074443,-0.0024481246427679,6,False
250AD2B8A9AE3CF6E0631318000AA5C2,1,375.7925412154099,191.7572259940064,2.3037716921628277,155.0,0.008864312716869,0.0,0.3655130697445763,4,False,370.960095865668,90.59050024528835,2.6722105936729186,160.0,1.0,0.0,-0.050413888809373,4,False,370.3370405498304,139.58120546842872,2.5651604686712495,127.0,0.0,0.0,-0.4503089258695489,3,False,342.26518648587734,243.03648716853212,2.279246486150301,204.0,0.0,1.0,0.0634547604104646,5,False
250AD2B8A9AE3CF6E0631318000AA5C2,2,375.73180773653894,191.7073737763776,2.2879249843792,192.0,0.0,1.0,0.4239310418251516,5,False,370.595610967025,90.5006141343165,2.6791301437704087,154.0,1.0,0.0,-0.0016445825619351,4,False,377.3496383517365,137.73919704476253,2.5470790198469566,150.0,1.0,0.0,0.0499538665885312,4,True,342.8980211881105,243.69067180518647,2.256699229896004,290.0,0.0,1.0,0.1781117759434995,8,False
250AF903F4BC5C68E0631318000AF02B,1,375.8615094056141,191.76927724008553,2.2973764692793543,198.0,1.0,0.0,0.2052013048213778,5,False,367.1818178580977,89.67124592410475,2.7877052668292257,142.0,1.0,0.0,-0.3288043429788074,4,False,374.3496271477503,138.01807919340212,2.5353688015468863,176.0,1.0,0.0,0.061917866188833,4,True,344.4042570092594,245.2473936531032,2.2648834635816,224.0,0.0,1.0,0.0214280954461189,6,False
250AF903F4BC5C68E0631318000AF02B,2,373.74886451944735,191.46595780981568,2.251582887875666,186.0,1.0,0.0,0.1658658466101292,5,True,372.8949712947053,90.73756361620957,2.647660716226583,180.0,1.0,0.0,-0.0240548843191546,5,True,375.19374518886576,138.6488955243202,2.5360657362751264,181.0,1.0,0.0,-0.1799148114285435,5,True,343.11922722893786,243.91932314780345,2.271584740667824,224.0,0.0,1.0,0.0244469399691588,6,False
250B1BCE23243EF0E0631318000A7916,1,378.995206065105,191.41584094685967,2.3571751547846103,161.0,0.9433276235419956,0.0,0.705413488780891,4,False,369.1730316817659,90.1553311075508,2.725342655314528,151.0,1.0,0.0,-0.3057886000754199,4,False,371.90165543572033,139.02369849631256,2.5387154139440966,158.0,1.0,0.0,-0.6374567251521066,4,True,344.01947358181513,244.84968649748737,2.256529935174586,262.0,0.0,1.0,0.0057923075489789,7,False
250B1BCE23243EF0E0631318000A7916,2,376.4845340995536,191.8065996973292,2.2997907302159324,153.0,1.0,0.0,0.880987013311274,4,False,369.9838115405011,90.3529037639659,2.688464153453868,189.0,1.0,0.0,0.0120301069591635,5,False,368.7132044574015,139.91028101303996,2.588983001584321,155.0,1.0,0.0,-0.03386058707545,4,False,344.4318407926101,245.27576514215127,2.263002267601987,235.0,0.0,1.0,0.0338166424659575,6,False
257C58E7EB9D6BE1E0631318000A4333,1,379.2855714312994,191.452132612456,2.36368976752054,175.0,0.0,1.0,0.3780117924733219,4,False,369.6159766905085,90.26274940844112,2.7145770569579293,143.0,0.0,0.0,-0.2177165462072378,3,False,373.3489501874204,138.42858257421278,2.5410592615753784,127.0,1.0,0.0,0.0,3,True,344.8186127490745,245.67566509317888,2.2689312471577847,198.0,0.001370368604411,0.0,0.1127003647025018,5,False
257EC35F1EAD7AAEE0631318000A3ABC,1,375.4260531591747,191.73386159897743,2.2855024968640887,170.0,1.0,0.0,0.2412485010725536,4,False,367.35509064938185,89.71225881159513,2.77833732985102,181.0,0.0088461374875586,0.0,-0.2543744974912134,5,False,370.43826483184176,139.56128138765925,2.5474827500677812,198.0,1.0,0.0,-0.0089917645275461,5,False,344.6702644100256,245.5223274538574,2.267780902130673,206.0,0.0,1.0,0.0652033714270574,5,False
257EC35F3E637AAEE0631318000A3ABC,1,376.79762541246095,191.26638601274385,2.300445933116599,167.0,0.1837603168190824,0.0,0.4328318252216985,4,False,369.208035327205,90.16370645597664,2.706236832330584,212.0,1.0,0.0,-0.0947502940623837,5,False,368.68950542808017,139.91445115782503,2.586987203168457,187.0,1.0,0.0,-0.1235895590213786,4,False,344.3560572539656,245.1975613746445,2.260464730527464,246.0,0.0,1.0,0.0487520931202413,6,False
257EC4F42A9B8C90E0631318000A7429,1,375.7525109477581,191.75895921633284,2.2957839702818146,168.0,1.0,0.0,0.3308592781138484,4,False,369.88944302817487,90.32972150981831,2.685970387046993,213.0,1.0,0.0,-0.1171714831886145,5,False,369.2376202130069,139.8041108306746,2.577141969910032,188.0,1.0,0.0,-0.1106086954245357,5,False,344.2118560071633,245.0485397453864,2.2659581827590283,217.0,0.0,1.0,0.0747784535228798,6,False
257EC4F42A9B8C90E0631318000A7429,2,374.48724710836944,191.53777508686647,2.2816165849923813,189.0,1.0,0.0,0.1241014490196879,5,True,368.67860956295925,90.03571289677913,2.725947639616084,210.0,1.0,0.0,-0.2500548571794086,5,False,371.4729411558788,139.19957343486428,2.5421711878939877,197.0,1.0,0.0,-0.0943097161257963,5,True,344.4868173404616,245.332539305395,2.2637337042647103,232.0,0.0,1.0,0.0781677694787748,6,False
257EC4F42A9B8C90E0631318000A7429,3,376.21933548770875,191.2681123114274,2.310290735224298,166.0,0.0625111403705702,0.0,0.3005829990222903,4,False,369.6981546380603,90.28187596742936,2.694084108229444,206.0,1.0,0.0,-0.1818205527396444,5,False,371.96725799394983,138.9973695061737,2.531513622828892,182.0,1.0,0.0,-0.1100591643701625,4,True,344.3839099482601,245.2262797517431,2.259015213216153,246.0,0.0,1.0,0.1157118164564152,7,False
257EC4F42A9B8C90E0631318000A7429,4,375.21769766355936,191.6814937539712,2.2768854581484756,180.0,0.3527520505262422,0.0,0.3271366329390509,5,True,368.5736309762484,90.00919259034359,2.7248186943321264,217.0,1.0,0.0,-0.140750585012878,5,False,369.5539721295845,139.74006184101435,2.568908669409788,194.0,1.0,0.0,-0.081061177730622,5,False,344.3214355257556,245.1614563621864,2.2613585614003116,242.0,0.0,1.0,0.0751012050930191,6,False
25800070749D7163E0631318000A214C,1,370.9052228395752,191.6873694516072,2.1609640021199086,277.0,1.0,0.0,0.1767939896525853,7,True,386.35986902938726,93.74011016786831,2.576532988370991,137.0,1.0,0.0,-0.1464678462436641,4,True,392.8563376189468,133.5020560016951,2.5653955295144386,241.0,1.0,0.0,0.1830916155411479,7,True,338.5028548055461,239.14785548156183,2.2244632018992396,278.0,1.0,0.0,0.0964723937608185,7,False
25806A6298F618E9E0631318000A4087,1,382.26152079274254,191.6169172710946,2.455805640483869,133.0,0.0,1.0,0.4317625039865403,4,False,368.16367523943035,89.90958030285859,2.747673191836564,172.0,1.0,0.0,-0.0247185779712368,4,False,371.6725301393308,139.11750319280523,2.551719698721352,139.0,1.0,0.0,-0.1233060529045056,3,True,344.8586612229124,245.717064627416,2.255965167557543,256.0,0.0,1.0,0.0,7,False
25806A6298F618E9E0631318000A4087,2,380.059558079018,191.46990722127236,2.3918459611750116,148.0,1.0,0.0,0.4262721110074775,4,False,366.2403568023824,89.44205667671287,2.813544688470278,181.0,1.0,0.0,-0.3056510156383752,5,False,372.5304202089215,138.76708495262824,2.544568214381095,163.0,1.0,0.0,0.0441441027162882,4,True,345.2829728893505,246.1557399616558,2.2488502605888048,244.0,0.0,1.0,0.0023019608588911,6,False
25806A6298F618E9E0631318000A4087,3,378.38169669998007,191.35150415203373,2.341823667204253,164.0,0.0,1.0,0.4480581973385289,4,False,369.17619983333975,90.15553277287488,2.7192369955543887,179.0,1.0,0.0,-0.3167230561460897,5,False,372.67328498068815,138.70876766590587,2.5484695595301936,168.0,1.0,0.0,-0.0026503602524151,4,True,343.7861837098305,244.60835013068024,2.2576356403973437,265.0,0.0,1.0,0.0398011039703013,7,False
25806A6298F618E9E0631318000A4087,4,375.3726437973707,191.73478369804548,2.2848811229193022,168.0,1.0,0.0,0.0276917153629658,4,False,370.62125284886736,90.5075158357456,2.675125994849681,197.0,1.0,0.0,-0.0898286090459974,5,False,373.3429365094301,138.43369487371717,2.535611927572248,188.0,1.0,0.0,-0.0032133401634774,5,True,344.48802759591405,245.33438408841172,2.266249047459944,221.0,0.0,1.0,0.0240339689924496,6,False
25806A6298F618E9E0631318000A4087,5,376.2019017329882,191.75847388023487,2.3021682367494227,158.0,1.0,0.0,0.1526437181079839,4,False,370.6020085261418,90.50302097347232,2.675082193387972,192.0,1.0,0.0,-0.0242665075123883,5,False,372.997852060094,138.57367726271065,2.544045669424418,174.0,1.0,0.0,-0.0935724639767751,4,True,344.385906508962,245.2275679847241,2.2778099130016156,166.0,0.0,1.0,0.0,4,False
25806A6298F618E9E0631318000A4087,6,376.96600709748657,191.24760334473183,2.312068983976864,130.0,1.0,0.0,0.2836427901555158,3,False,367.3037285421981,89.70073132158137,2.7675368986973146,202.0,1.0,0.0,-0.03291727393156,5,False,366.73425554022725,140.30693636974655,2.6315818367234196,172.0,1.0,0.0,-0.0215313475848321,4,False,345.0795022914192,245.94521034937705,2.2652319968952717,199.0,0.0,1.0,0.0108786969326304,4,False
25806A6298F618E9E0631318000A4087,7,376.5141727690256,191.30333712886676,2.316742135950285,126.0,1.0,0.0,0.3469445832430495,3,False,368.82786972735454,90.05565294639261,2.7225579781714626,197.0,1.0,0.0,-0.1300640527940293,5,False,370.2917025273349,139.59083766259516,2.556403874968769,163.0,1.0,0.0,-0.0041813632080716,4,False,344.60291043901566,245.45319090222108,2.2773042854723324,161.0,0.0,0.2004820061686493,0.0801749064217115,4,False
2580948CF584514DE0631318000AD338,1,377.9935009407197,191.32160573833096,2.3277318902941007,175.0,0.7621562920072188,0.0,0.3625810285114944,4,False,366.157677591826,89.41911264765939,2.8218585242832397,160.0,0.0,0.0,-0.2191795211884965,4,False,372.6279971893308,138.72556401521362,2.5534145835333426,153.0,1.0,0.0,-0.2019179315708123,4,True,343.7760382588756,244.59807047499388,2.270967965547469,218.0,0.0,0.1222211024891665,0.0322644498851328,5,False
2580948CF584514DE0631318000AD338,2,375.9124086989792,191.7202989580264,2.295630760918968,165.0,0.7190990850964943,0.0,0.1396811498032937,4,False,371.03327383646155,90.60658803800256,2.674907120262704,163.0,1.0,0.0,-0.2276253525803728,4,False,376.6874346298515,138.01818558337075,2.542473825248512,150.0,1.0,0.0,-0.0853130397617679,4,True,344.633575771225,245.48462948266288,2.270809268424524,196.0,0.0,1.0,0.0069560226394257,5,False
258105E58107583DE0631318000AA294,1,377.3935423778887,191.30775669642856,2.3161926685099554,148.0,0.0,0.0,0.2362291656897041,4,False,372.9124218617148,90.73992523626077,2.658332274715182,95.0,0.0,0.0,-0.2521358161471164,2,True,376.31693770441854,138.17476162341788,2.5485093046126472,118.0,0.0,0.0,0.000617796624976,3,True,342.3190744510268,243.092218732004,2.286613896605572,176.0,0.0,0.0,0.0048526535929018,5,False
258105E58107583DE0631318000AA294,2,377.87229624038577,191.35600659372147,2.3359865231488093,85.0,0.963581491145215,0.0,0.2660787083838268,2,False,369.9069386917852,90.33463582869203,2.701767760662636,149.0,1.0,0.0,-0.3267662599902589,4,False,370.95101919912014,139.4578079230965,2.5546654321321323,137.0,0.9212499760997116,0.0,-0.10196524626114,3,True,340.3308328278749,241.0371305472298,2.302981638990884,91.0,0.0,0.0,0.0,2,False
25810C7FE491A5F7E0631318000A35C1,1,377.9501189331276,191.33989494646576,2.31774935607966,198.0,0.9411638954253898,0.0,0.1793634510580538,5,False,376.4210101306781,91.52350397199912,2.5707135236583194,148.0,0.0515399207722035,0.0,-0.1565062708902029,4,True,378.2237357308132,137.37015722469351,2.5543695446117223,143.0,1.0,0.0,-0.156480158441084,4,True,344.16048935810335,244.99544359662275,2.2751777773059,155.0,1.0,0.0,0.0019542874196277,4,False
25810C7FE491A5F7E0631318000A35C1,2,377.75823585915566,191.33770591105488,2.325313638597952,135.0,1.0,0.0,0.3412971334959247,3,False,368.9236336388128,90.0951030342448,2.7274121870451875,137.0,1.0,0.0,-0.0067367665090928,3,False,370.1937931636738,139.61157669965468,2.56669088083809,119.0,1.0,0.0,-0.0630918763025023,3,False,344.4262893128538,245.26978709169487,2.282429010389808,140.0,0.0,0.0,0.0,3,False
25810C7FE491A5F7E0631318000A35C1,3,375.7304565429688,191.7442321777344,2.307497262954712,130.0,0.0,0.0,0.2273386716842651,3,False,367.4289261925029,89.73171313688717,2.7751013072416746,155.0,1.0,0.0,-0.2585209526798942,4,False,370.16126748635986,139.6171348908108,2.565684644915941,114.0,1.0,0.0,-0.0,2,False,343.715824390886,244.5362760482296,2.285067036404588,152.0,0.0,0.0,0.0,4,False
258113C125A10DB2E0631318000AA9F8,1,374.6356497555348,191.54697603533523,2.2985227311638217,123.0,0.4102582802202812,0.0,0.4088232657416139,3,True,368.73440557339774,90.04807982408131,2.7258354048314293,198.0,1.0,0.0,-0.2093535337556809,5,False,368.5532432823522,139.94324078576,2.591673869116285,165.0,1.0,0.0,-0.0,4,False,344.30675821280806,245.1466270183417,2.27702184681239,171.0,0.0,1.0,0.0,4,False
258113C125A10DB2E0631318000AA9F8,2,378.0703839047177,191.3533237285442,2.3387708480293687,147.0,0.7147672594846547,0.0,0.4638233608177474,4,False,369.8161568406564,90.31219458927588,2.68792023002662,207.0,1.0,0.0,-0.0999651887212299,5,False,368.966155299724,139.85898965507062,2.582352917237521,180.0,1.0,0.0,-0.0861211376117667,4,False,344.61769833925206,245.4680621834484,2.2730948487527782,182.0,0.0,0.2452394691286785,0.006893651175167,5,False
25816EC44540E08FE0631318000A748A,1,373.8427372065332,191.47639982633868,2.2596424605194354,193.0,1.0,0.0,0.2633252564759741,5,True,370.4348624735499,90.46272693725908,2.6756499126350004,201.0,1.0,0.0,-0.1660129493466988,5,False,371.08038706802233,139.43155843084836,2.5565440721562176,188.0,0.0,1.0,-0.1453049843870727,5,True,344.09192255310006,244.92458897414565,2.2648042857263255,233.0,0.0,1.0,0.0878835888319701,6,False
25816EC44540E08FE0631318000A748A,2,370.2843308620412,191.62100847388288,2.1939417443270406,194.0,1.0,0.0,-0.0,5,True,370.8866196063565,90.57262383363293,2.6721021686559925,194.0,1.0,0.0,-0.089556095140937,5,False,374.4107247092036,137.99565437253412,2.5318753183707856,195.0,1.0,0.0,-0.0769763409365193,5,True,342.68790145208175,243.47349714453463,2.271054738159145,234.0,0.0,1.0,0.0379950480870658,6,False
25816EC44540E08FE0631318000A748A,3,367.8851288286455,191.37882427496407,2.246185523326412,171.0,1.0,0.0,0.0564254160671912,4,True,368.9937659472656,90.11129347167967,2.714181301269531,213.0,1.0,0.0,-0.1604163868522644,5,False,369.47648067907846,139.75633120536804,2.567356826568192,189.0,1.0,0.0,-0.1028944740061309,5,False,343.2970746172685,244.102985645125,2.2644183533386095,246.0,0.0,1.0,0.1865804072229647,7,False
25819487F1AEF3E0E0631318000AE58B,1,380.0656079238384,191.4721331498816,2.395338593677333,143.0,0.0,0.0,0.4656729419054353,4,False,367.5830122958551,89.7689905145732,2.7655874640522,180.0,1.0,0.0,-0.0154243970043927,4,False,369.520379029964,139.74641778953944,2.5760616073702467,138.0,1.0,0.0,-0.2133054884876035,3,False,344.37335965775475,245.21546718113103,2.2589943295119506,251.0,0.0,1.0,0.0,7,False
25819487F1AEF3E0E0631318000AE58B,2,375.1122695597492,191.68869233622547,2.284640656337869,151.0,1.0,0.0,0.152407368329358,3,True,371.5480563365087,90.73333555206736,2.656933560137277,201.0,1.0,0.0,0.0739616350815683,5,True,371.12903337859433,139.4217259594055,2.5483101268098114,186.0,1.0,0.0,-0.025541138560069,4,True,343.7146327806556,244.53436929453972,2.2820543973342233,158.0,0.0,1.0,0.0252566260002229,4,False
25819487F1AEF3E0E0631318000AE58B,3,370.3189623919716,191.62864446128737,2.194097130929992,167.0,1.0,0.0,0.0378968537904377,4,True,369.13254885889904,90.14562199440323,2.71282913568641,202.0,1.0,0.0,-0.0469274428887527,5,False,369.62512736139143,139.72614302553407,2.569280421529396,180.0,1.0,0.0,-0.0022016110743891,4,False,344.6060432080096,245.45566534951064,2.2733564608864225,184.0,0.0,1.0,0.0497186302292778,5,False
25819487F1AEF3E0E0631318000AE58B,4,376.6939034387985,191.263709575756,2.301780009446152,164.0,0.0535758256629433,1.0,0.4105566443364527,4,False,370.2763609066073,90.4240723710335,2.678578254891441,208.0,1.0,0.0,-0.0023440241648603,5,False,371.8984532620692,139.02638373490734,2.5314078375929374,183.0,1.0,0.0,-0.0090659975396641,4,True,343.9779788050158,244.80619554273008,2.256795592734526,263.0,0.0,1.0,0.0681675031584494,7,False
2581AA638082162DE0631318000A1602,1,376.36911240470766,191.28374011296265,2.3031312999515623,152.0,1.0,0.0,6.0581e-12,4,False,369.0454940457445,90.12148938645757,2.7188694762096923,179.0,1.0,0.0,-0.0159150421163934,4,False,371.83819888750344,139.04991388386426,2.543862440797088,147.0,0.0,0.0,-0.06642977226946,4,True,344.4383348589342,245.28258163052956,2.2769730078371864,170.0,0.0,1.0,0.0427455090305371,4,False
2581AA638082162DE0631318000A1602,2,378.26058887113686,191.3799473395077,2.3462552291021987,116.0,0.8276164254673746,0.0,0.4186528871446982,3,False,367.83395851264567,89.8304255857306,2.754688295267396,192.0,1.0,0.0,-0.2959791735067206,5,False,368.8807096246311,139.8766739924864,2.5838718417762694,163.0,1.0,0.0,-0.0284270108672625,4,False,345.38404153256175,246.26011068542223,2.2517069357741866,226.0,0.0,1.0,0.0515804164073441,6,False
2581AA638082162DE0631318000A1602,3,377.47592940070473,191.33612158067444,2.3229158047215317,126.0,1.0,0.0,0.4129411909430339,3,False,366.9316402487043,89.60977311767378,2.7898402651102026,169.0,0.5413946353061376,0.0,-0.1587426893526372,4,False,368.5056914907679,139.95211606733713,2.593567894363716,165.0,1.0,0.0,-0.0466780193681791,4,False,343.20827579726625,244.01162362308,2.28185023865696,178.0,0.0,1.0,0.0,4,False
2583CC726C3D7FE1E0631318000A4965,1,377.2122946281219,191.2769068200437,2.3030004958380963,183.0,1.0,0.0,0.2688469330069332,5,False,368.3796509832111,89.96132100053588,2.732419828547098,218.0,1.0,0.0,-0.1482443800420684,5,False,370.55384319518026,139.536221618029,2.549189038620351,199.0,1.0,0.0,-0.1156892832058805,5,False,344.4137596153568,245.25720498663983,2.2625457314609294,237.0,0.0,1.0,0.0375899120248658,6,False
2583CC726C3D7FE1E0631318000A4965,2,377.53726503173885,191.2986158097432,2.312710001545867,178.0,1.0,0.0,0.4109215446565747,5,False,368.6283696310774,90.02247677300683,2.7267836839485984,216.0,1.0,0.0,-0.1897453792832172,5,False,370.82956289715946,139.48221944720453,2.5449052376480976,197.0,1.0,0.0,-0.0998533002245562,5,False,344.5491312288665,245.39693279347287,2.2571764187900483,250.0,0.0,1.0,0.0180938643030558,7,False
25949552FA1B1F8BE0631318000A7789,1,375.2913255998864,191.66528974737764,2.284976609045167,163.0,0.093023338160183,0.0,0.1107014761516377,4,False,369.8469124690688,90.3179529503097,2.6931367088422555,199.0,1.0,0.0,-0.199114284983967,5,False,371.97289007106815,138.99398942579933,2.5317967979871354,177.0,1.0,0.0,-0.1939909282861971,4,True,344.76936558497795,245.62475905593595,2.267147581762009,209.0,0.0,0.0,0.0421232309754771,6,False
25949552FA1B1F8BE0631318000A7789,2,376.0287840657587,191.7881431567097,2.2993545702172344,171.0,1.0,0.0,0.2137367678819401,4,False,369.0943631180691,90.13568448385796,2.711138140115638,218.0,1.0,0.0,-0.188611656663021,5,False,371.0072729345312,139.44667262062032,2.546234273974271,198.0,1.0,0.0,-0.0302572925740051,5,True,344.5306849489168,245.37825225090927,2.268795108075322,209.0,0.0,1.0,1.56406e-11,6,False
2595181D47D611DCE0631318000A42F8,1,386.509897470936,191.82868835813375,2.564082281882868,201.0,1.0,0.0,0.2105218302081258,5,False,387.4275588325832,93.9792709848155,2.5913258334864735,138.0,1.0,0.0,-0.3936012369135134,4,True,396.00797402996113,132.8319388731227,2.5737205470903515,172.0,1.0,0.0,0.0254155830455034,5,True,346.78199847367097,247.7298515357681,2.234999945779528,176.0,1.0,0.0,0.063938944763586,5,True
2595181D47D611DCE0631318000A42F8,2,372.71293689351694,191.35673662338056,2.1906712594165314,268.0,0.0,0.0,0.2524748024715324,7,True,390.2747649193661,94.61807772987768,2.6236226133317637,145.0,0.0,0.0,0.4669170220125795,4,True,392.0452225839946,133.86403471699685,2.5663926349448825,220.0,1.0,0.0,0.1174691910959897,6,True,338.4615132602093,239.10516746038573,2.217344436209989,300.0,0.0,0.0,0.002271586651363,8,False
2595181D47D611DCE0631318000A42F8,4,378.14039727539824,191.32454289090117,2.3326141837987238,178.0,0.0,0.0,0.2214862858181916,4,False,376.68189790806093,91.58276844243892,2.5635345530235902,169.0,1.0,0.0,-0.0097628913973226,4,True,375.7525944728477,138.4139155847886,2.5378001456167185,166.0,1.0,0.0,-0.1874889537283018,4,True,343.47662208394127,244.2882930300796,2.275745313139639,203.0,0.0,0.0,0.0,5,False
27C76AF009396911E0631818000AE071,3,376.8910885232506,191.2680195789644,2.297796475439464,180.0,0.4813020797662956,0.0646854885095773,0.2940864683077245,5,False,368.8065840038576,90.06526061364836,2.7194708553038334,219.0,1.0,0.0,-0.1544557026868449,5,False,371.1381452693496,139.4192137962164,2.554388396684513,199.0,1.0,0.0,-0.0396197897750277,5,True,344.5516276117652,245.3990718961467,2.265961976278396,227.0,0.145617119223575,1.0,0.0326139281912269,6,False
27C76AF009396911E0631818000AE071,4,377.35541922359135,191.28524210583245,2.310765812906617,179.0,0.813183042569798,0.0,0.3117594108785276,5,False,369.9296819434976,90.33859480132097,2.689439498778409,215.0,1.0,0.0,-0.1277225818883323,5,False,370.9797155444218,139.45138933102126,2.553470863698689,193.0,1.0,0.0,-0.1050613418292868,5,True,343.8334141995548,246.09618395186328,2.25621115821382,224.0,0.1221990511237059,1.0,0.0395039559710916,6,False
28551F61641A40D4E0631818000ACFB9,1,377.1108789536245,191.30185632700616,2.3051078583698588,169.0,1.0,0.0,0.2255994863946789,4,False,367.5111384299991,89.74998970221196,2.7624381092221686,210.0,1.0,0.0,-0.1263519934170724,5,False,370.24752526161114,139.59848658740037,2.557544608412124,186.0,1.0,0.0,-0.1230897813487396,5,False,343.27664761979725,244.08177032570887,2.2846074710170923,166.0,0.0,0.7049577459792749,0.0057837304577307,4,False
28FDC6C435F08712E0631718000AF624,1,379.6634855331181,191.454880565112,2.380029653355584,157.0,0.7881586102741084,0.0,0.3859795293004732,4,False,370.2667599477152,90.42281832454083,2.68229212889485,181.0,1.0,0.0,-0.117913621411598,4,False,369.5474589334861,139.73963600300758,2.5735286009442833,168.0,1.0,0.0,-0.2232908331107407,4,False,344.61587692004537,245.46611943129025,2.2550222425012296,259.0,0.0,1.0,0.0285472775288762,7,False
29056F207E01BA65E0631718000A16FF,1,378.37432369359453,191.3967166171044,2.334749251475544,171.0,1.0,0.0,0.4161277799492002,4,False,365.08619099744453,89.16164512053366,2.8495292719944643,190.0,1.0,0.0,-0.270703341603143,5,False,370.6536434214099,139.51648631380615,2.554371237254013,179.0,1.0,0.0,-0.1181815789588251,4,False,343.9144570174272,244.7411641350757,2.2631855284395046,244.0,0.0,1.0,0.0056745331385528,6,False
29056F2250C0BA6AE0631718000ACAD6,1,375.93896390971537,191.7194799573612,2.2953453742092087,204.0,1.0,0.0,0.4457693790636803,6,False,368.76013117005726,90.05503996702586,2.7286935282346136,178.0,1.0,0.0,0.0055573006526523,5,False,373.6606260198122,138.3002633636919,2.5263698050531183,194.0,1.0,0.0,0.0383772148067554,5,True,344.13930837769,244.97353967388767,2.2619091271321654,242.0,0.0,1.0,0.0777039345448702,6,False
29056F22531DBA6AE0631718000ACAD6,2,377.6429248136633,191.31378117729636,2.324164504514021,134.0,0.0,1.0,0.9330552303615738,4,False,369.0322966378348,90.12150702078684,2.724653639275687,149.0,1.0,0.0,-0.188222104862758,3,False,370.8118043811176,139.4861317057988,2.5594312916044006,113.0,1.0,0.0,0.0880385477279413,3,False,344.0897003958448,244.9224227967217,2.257623567310173,257.0,0.0,1.0,-0.0119274442871788,7,False
29056F22531DBA6AE0631718000ACAD6,3,377.67238407414914,191.3234728287351,2.3119652751106887,188.0,1.0,0.0,0.3548334735744404,4,False,376.44278246692767,91.52910666711551,2.586853348840143,126.0,1.0,0.0,1.0,3,True,380.01273648244035,136.61779727575913,2.5564896025747625,162.0,1.0,0.0,-0.0845682827123212,4,True,344.3289676898092,245.16934912244255,2.265820603344322,225.0,0.0,1.0,0.0337526072125408,6,False
29056F22531DBA6AE0631718000ACAD6,4,378.1587598696744,191.3645686466371,2.335215507785549,152.0,1.0,0.0250632577757424,1.0,4,False,369.883179526387,90.3284446623644,2.6953660132913937,167.0,1.0,0.0,-0.0497585019963955,4,False,370.0242263908101,139.64523890012518,2.569457931708814,133.0,1.0,0.0,-0.1871939606435058,3,False,344.2064357398129,245.0432852634115,2.2576638678550456,256.0,0.0,1.0,-0.0071931589527596,7,False
29087B87560D1DCDE0631718000ADD63,1,374.90632446562313,191.66934085199395,2.2833663929393375,205.0,1.0,0.0,0.2274415151726611,5,True,376.3342000056631,91.50532644518665,2.572223533707085,177.0,1.0,0.0,0.2148602351666356,5,True,376.90327639493546,137.92781580198607,2.5334933211290473,199.0,1.0,0.0,-0.1838498744659128,5,True,343.50010670200874,244.31291508323085,2.258913460461004,257.0,0.0,1.0,-0.0041305694431298,7,False
29087B87560D1DCDE0631718000ADD63,2,375.81809799478174,191.71749562473977,2.2969670979205894,190.0,0.0,0.0,0.6615053725278575,5,False,371.7401065310916,90.72051177153715,2.661188982628487,162.0,0.532646656036377,0.0,-0.0101751485285726,4,True,371.4028180864867,139.28697494211852,2.5621532660586555,159.0,0.0140113758090196,0.0,-0.2325851708807719,4,True,343.71499969779717,244.5350430112396,2.266102801376468,226.0,0.8021848194378318,0.0,0.0134157776009986,6,False
29087B87560D1DCDE0631718000ADD63,3,375.5607045703464,191.71039231618244,2.2966016405158567,161.0,0.0,0.0,0.5061167405297358,4,False,371.46092107330793,90.71149945148754,2.6619041272438726,188.0,1.0,0.0,-0.0230278070789293,5,False,369.60005786186815,139.73115059506577,2.574661547314804,151.0,1.0,0.0,-0.2717589124509718,4,False,344.05863638873734,244.8905124746876,2.2732889791587727,195.0,0.0,0.1087928554002856,0.108654403930038,5,False
29087B87560D1DCDE0631718000ADD63,4,372.96765649798874,191.39349095332847,2.232154888363519,140.0,0.0564725996107645,0.0,0.0500565552447911,4,True,370.9170740803055,90.57991100389793,2.6714421628298193,189.0,1.0,0.0,-0.006446642080696,5,False,370.4440336011476,139.56118555174976,2.5550169057441674,163.0,1.0,0.0,0.0607638261221524,4,False,343.7273427124416,244.54796969284183,2.27036474492576,220.0,0.0,0.950045239403412,0.0580916210051916,6,False
29087B87560D1DCDE0631718000ADD63,5,375.22487405630255,191.68945811345023,2.287133469031408,159.0,0.0,0.0,0.284880973971807,4,True,370.620593090134,90.50719464160352,2.676034009121508,167.0,1.0,0.0,-0.0436535256364977,4,False,369.7210975519941,139.7064308368261,2.579097542776767,137.0,0.204455628991127,0.0,-0.330759043820808,4,False,343.2230416870117,244.0274760437012,2.279101929664612,182.0,0.5756919085979461,0.0,-0.0107970367209054,4,False
2B4F5731CF45C045E0631618000AEAF7,1,374.6248560860124,191.5462415080381,2.2924792635813396,126.0,0.0,0.0,0.2270459609292565,3,True,369.0723865219106,90.1306349863266,2.731999826193808,121.0,0.0,0.0,-0.1406030519208509,3,False,369.45148380633987,139.7608166747586,2.5764363429997754,137.0,0.8016262143313944,0.0,-0.0396544033697277,3,False,343.692577420926,244.51176751095412,2.282931105545772,156.0,0.0,0.0,0.0,4,False
2B4F58CD7B11E719E0631618000A6601,1,376.1419393027616,191.7641032468956,2.304261215061828,152.0,0.0,0.0,0.3141760525008161,4,False,367.1587032746471,89.6657126041632,2.7861190351719625,163.0,0.0,0.0,-0.1385969478307667,4,False,368.2036940360311,140.01320749506925,2.600743116080216,149.0,1.0,0.0,-0.045140939438781,3,False,344.68840356742606,245.54102666946167,2.2712757502352616,195.0,0.0,1.0,0.0150500109612489,5,False
305C5264283C230CE0631218000AAC39,2,377.76848174971747,191.34698317586927,2.320940385172089,172.0,0.4634971368806744,0.0,0.3345889053544493,5,False,367.36589623847937,89.7161264261546,2.766261870734752,204.0,1.0,0.0,-0.1327629612978723,5,False,370.7453197808699,139.4983081988552,2.550530490878817,178.0,0.9134864744286436,0.0,-0.0713709169825444,5,False,343.71235184744654,244.53235243988215,2.2639231392782286,244.0,0.0,0.9966163039,0.060563642231788,6,False
305C992823F5ACD8E0631218000A4B85,1,379.0565114105131,191.43239033630172,2.3675190069420946,132.0,0.0,0.0,0.3574855054801858,3,False,367.90237324668414,89.84695344384274,2.7529504611286306,180.0,1.0,0.0,-0.0332946958417995,4,False,367.1326873325999,140.2299639316707,2.6236563445282433,143.0,0.8191039077992819,0.0,-0.1286390542166586,3,False,343.3983029067004,244.2076449502389,2.273120085069421,234.0,0.0,0.1326422952231465,0.0355752098230518,6,False
305CE922BC8BE0BBE0631218000ABC98,1,377.268318422961,191.3267352215425,2.305200555062011,163.0,0.9897779997666764,0.0,0.2981140982081572,4,False,368.43247245785005,89.97451963199964,2.731364330870328,214.0,1.0,0.0,-0.1461774372920798,5,False,370.56792156065734,139.53517029146536,2.5462347761628306,194.0,1.0,0.0,-0.0460119193639065,5,False,344.3311444465229,245.17183445198992,2.261860511157545,240.0,0.0,0.8740602480178817,0.0385218392063005,6,False
305D3EB36D4E3DB7E0631218000A77A5,1,378.0453797578036,191.3624055559302,2.323158735961016,179.0,1.0,0.0,0.2564637972319339,4,False,366.2761617452933,89.4510482893937,2.8250826886104146,97.0,1.0,0.0,-0.1211101163310295,3,False,377.88634466171845,137.5124912093251,2.5452882453430146,164.0,1.0,0.0,0.3081569532473534,5,True,342.9983862920252,243.7943195814688,2.2689924048075785,239.0,0.0,1.0,0.0357266292354006,6,False
305D3F30AE7A3EEDE0631218000A268E,1,379.03613603837834,191.41245936242632,2.3641288474822346,145.0,0.0,0.7960253442903417,0.5827720865078418,4,False,369.37918789869366,90.20561588842067,2.7126178790157223,153.0,0.848706060547173,0.0,-0.0709683896578251,3,False,370.15947995778816,139.6177839194893,2.570112472219122,106.0,0.4519545475441569,0.0,-0.0414687849164556,3,False,344.34192563765026,245.18294993100625,2.2604160884544826,249.0,0.0,0.781600700565882,0.034059074292061,7,False
305D3F30AE7A3EEDE0631218000A268E,2,377.1145151795024,191.28225520402393,2.306444048922951,158.0,0.0,0.8725821503993852,0.4419144318661372,4,False,369.18147206056426,90.1575282051,2.7177685052532037,167.0,0.9199422654937144,0.0,-0.0476020043087591,4,False,369.9821163696999,139.65377527493007,2.5687705342718856,155.0,0.3975738287,0.0,-0.0580651247004466,4,False,344.36873913939866,245.2108730357144,2.2565886038698704,257.0,0.0,0.9080508887650784,0.057195641841421,7,False
305E195B62438017E0631218000A1735,1,377.3049947103119,191.30002466839812,2.304344769321481,174.0,1.0,0.0,0.2515129739965488,4,False,368.30112031657166,89.94350183764223,2.735858016409621,206.0,1.0,0.0,-0.1373135591210385,5,False,370.7920752575729,139.48767770334464,2.5506213887842826,185.0,0.9778569628264372,0.0,-0.1983053088330102,5,False,344.4507463889484,245.2954548512044,2.2573766399964734,254.0,0.0,1.0,0.0385217012628826,7,False
305E195B62438017E0631218000A1735,2,376.7755103853366,191.3051569731392,2.295601015879817,172.0,0.9999301333725464,0.0,0.2479435408512731,4,False,372.0787650559429,90.55581166957256,2.652477338357584,182.0,1.0,0.0,-0.0627648248133104,4,True,371.8447758004136,139.0471673541716,2.5393842204575012,162.0,0.0,0.0,-0.1194886112669245,4,True,344.7674311588348,245.62284738636447,2.258623148098189,245.0,0.0,1.0,0.1167627507752858,7,False
305ED5275E5838CDE0631218000A5892,1,378.3735875211159,191.3818645278401,2.338500629605639,163.0,0.7004747241114035,0.0,0.2378264204955931,4,False,368.80333736477223,90.06516453403155,2.7295953815796477,168.0,0.5975621760348332,0.0,-0.1686470133613619,4,False,372.7370389237463,138.68088073090905,2.5594741770514786,154.0,0.5475354265468284,0.0,0.0397427008132263,4,True,344.06323426501154,244.89492075094424,2.2706454053297405,212.0,0.2023733079602087,0.3219545644286154,0.0130007706690622,6,False
305ED5275E5838CDE0631218000A5892,2,375.758719933076,191.7788161195508,2.2951306310475927,170.0,0.3999999762,0.1300829947,0.1948308305975807,4,False,370.51137260384286,90.47960162422454,2.6701237781543488,216.0,1.0,0.0,-0.0729871856626391,5,False,371.5859070743068,139.15575157594367,2.5451451380494574,191.0,1.0,0.0,-0.0160825484610908,5,True,343.81192080292686,244.63502253400503,2.269500369637111,221.0,0.0,0.907860029823996,0.025369205461896,6,False
305ED89AC8C96A40E0631218000A9ED9,1,381.1323777103016,191.53525317424945,2.424149076740728,144.0,0.0,0.5890944804588951,0.3357436293458698,4,False,374.44046498937695,91.08234861829514,2.6280489021401183,120.0,0.0444600885100567,0.0,0.3146397308979766,3,True,365.5506690698106,140.54953789171333,2.667493563786964,106.0,0.4859965716264006,0.0,-0.7494752654027745,3,False,344.15813681877387,244.9930085435852,2.2608611118638615,245.0,0.0,0.6713244682485223,0.0437593562265005,7,False
305ED89AC8C96A40E0631218000A9ED9,2,377.6607316188864,191.30588361850815,2.3221430117478166,164.0,0.0,0.6016153635157406,0.363556164095866,4,False,372.6495026081389,90.68201885596372,2.6565337719683706,153.0,0.3716664420173722,0.0,0.1385309610402379,3,True,367.86211817833134,140.08155482772173,2.6137431050271878,134.0,0.7374117031153912,0.0,-0.4315732134905421,3,False,343.5300026346368,244.3436038933772,2.2596790306301977,261.0,0.0,0.6887209593460968,0.0577849056530953,7,False
305EDBB59A0C92FBE0631218000A86B0,1,378.16001037376367,191.3492757122712,2.331627781049762,173.0,1.0,0.0,0.5390123424097459,4,False,364.9021116360945,89.1168678365716,2.8730126073656224,102.0,0.7056218593709913,0.0,-1.0,3,False,375.02337345250976,138.71878089017343,2.540569673983729,160.0,1.0,0.0,0.9283286133128928,4,True,344.2366386487909,245.07415359288547,2.2595616592425607,248.0,0.0,1.0,0.0362966749252259,7,False
305EDBB59A0C92FBE0631218000A86B0,2,376.3557275208443,191.7710602121255,2.306150837356788,166.0,0.0,1.0,0.1836728424146329,4,False,367.3288635467413,89.70766824657572,2.782293227908401,118.0,1.0,0.0,-0.2018982002584597,3,False,368.57862712979255,139.93704141236975,2.6053830693819187,98.0,1.0,0.0,-1.0,2,False,343.1521924664131,243.95328902448205,2.259719775514652,267.0,0.0,0.7450882388661568,0.0077575036707379,7,False
305EDBD6E5879314E0631218000A4590,1,375.2328829847463,191.66919205146127,2.281700970447648,161.0,0.3999999762,0.1300829947,0.4537321624106995,4,True,370.1580735379965,90.39461385969318,2.683328851955404,205.0,1.0,0.0,-0.1289868916917914,5,False,370.37894334760045,139.57420867233253,2.5518701871720815,179.0,1.0,0.0,0.0513837543430039,4,False,344.2792696559006,245.11824400243907,2.2591203070272066,246.0,0.0,1.0,0.0643683129577006,7,False
305EDBD6E5879314E0631218000A4590,2,376.8869277389283,191.28359439202208,2.30300338889621,147.0,1.0,0.0,0.4796761751533365,4,False,370.8536869150268,90.56438246109785,2.665691376401616,210.0,1.0,0.0,-0.1239987187843585,5,False,369.59548995165096,139.73191752095838,2.569059463919312,180.0,1.0,0.0,-0.0675908105193,4,False,344.2682311418505,245.10668441629127,2.26135665351112,239.0,0.0,1.0,-0.042558228001729,6,False
305EDC1ACBED9811E0631218000A2890,1,372.6332421729137,191.36358703410465,2.2150399986933174,139.0,0.3999999762,0.1300829947,0.1440296970083995,4,True,368.4625345664609,89.98196976823998,2.7365742715729304,184.0,1.0,0.0,-0.0751376345063803,4,False,371.10604268337585,139.4268487338101,2.5573676922469133,152.0,1.0,0.0,0.0295244164678909,4,True,340.46057843359426,241.1713220406976,2.2926203862786303,147.0,1.0,0.0,0.0406629411667147,4,False
305F32B269110DA9E0631218000A642C,1,376.26875346333,191.80261742982972,2.303004779294771,172.0,0.3321289195587294,0.0,0.2994978597875761,5,False,370.6795833916702,90.52224761016227,2.6700796050062983,210.0,1.0,0.0,-0.0839345813317246,5,False,371.4722738454351,139.20158470405562,2.5514773972973877,190.0,1.0,0.0,-0.1574466291282841,5,True,343.88386339980843,244.7095323381028,2.261098579337096,249.0,0.0,0.9886297207020668,0.0573882886447919,7,False
305F32B269110DA9E0631218000A642C,2,375.64260052325034,191.7401405824419,2.2918607926310406,175.0,0.2549885349798277,0.1300829947,0.1460000954741965,5,False,371.13191328384835,90.63208452249644,2.666729059241952,183.0,1.0,0.0,-0.0139581247443682,5,False,372.2463647333346,138.8818148468141,2.5298062831162302,181.0,0.4406380511633507,0.0,0.0519451352890052,4,True,344.2667324472752,245.10544746101544,2.266632689925764,222.0,0.0,0.9245274570862756,0.0287180473674984,6,False
305F32B269110DA9E0631218000A642C,3,376.4692479240568,191.79121871975215,2.29800835219316,178.0,0.9275780808346646,0.0,0.2269295635716019,5,False,369.6505309738358,90.27003022044026,2.693120695485273,220.0,1.0,0.0,-0.0416040687666563,5,False,370.92442637122986,139.46327779130866,2.5458586888406662,199.0,1.0,0.0,-0.0888107785390666,5,True,344.355079185328,245.1967710931989,2.261753952709285,239.0,0.0,1.0,0.0284785171828613,6,False
305F368047E02B8AE0631218000A8A93,1,373.64782103503626,191.45682245746303,2.2532800513747695,171.0,0.3768773747668587,0.1300829947,0.1539889417759912,4,True,372.4378106301677,90.63552139157234,2.6543530351243056,173.0,1.0,0.0,-0.0950963073710533,5,True,371.74523512311174,139.08893266116115,2.544645744716089,183.0,1.0,0.0,-0.1583000429571489,4,True,344.1993054986099,245.03554475327044,2.2641845596141525,232.0,0.0,0.9988142675569812,0.0563669879427169,6,False
305F368047E02B8AE0631218000A8A93,2,375.5230585610997,191.75882069069843,2.290799623086767,171.0,0.3999999762,0.1300829947,0.2125701305518512,4,False,370.36213349132106,90.44454416417443,2.6814370038467654,203.0,0.4080073256451201,0.0,-0.13867269305388,5,False,371.30435709923086,139.38647917460852,2.550273942817275,195.0,1.0,0.0,-0.0726187130456389,5,True,344.301640416064,245.14126476939816,2.260082792605856,247.0,0.0,1.0,0.0385845317981981,7,False
305F36DDB1E22D57E0631218000A90CC,1,378.6384958292151,191.37555627698055,2.349424557162609,171.0,0.2505153118573746,0.0,0.1787973150367753,4,False,374.27145161615493,91.0440400649591,2.6247846200314795,165.0,0.7393208747272478,0.0,-0.1241946573294718,4,True,377.07514295260967,137.8540779010642,2.540556802686623,169.0,0.8242597692885534,0.0,-0.0531679034775241,4,True,344.6631930723668,245.51502252306483,2.2535598369635306,260.0,0.0,1.0,0.0500258362225142,7,False
305F36DDB1E22D57E0631218000A90CC,2,374.90210842356095,191.6904183655988,2.284821772934486,168.0,0.3999999762,0.1311604735181454,0.2037114334447396,4,True,371.77732055998575,90.78889334336112,2.659377822982024,170.0,1.0,0.0,-0.0772298612181744,4,True,372.1087370197544,138.93994814334752,2.533044397948648,185.0,1.0,0.0,-0.0120718365404239,5,True,344.18160188253256,245.01740010962249,2.262465051936916,239.0,0.0,1.0,0.029851713250412,6,False
305F36DDB1E22D57E0631218000A90CC,3,373.9224125274778,191.4803548499073,2.26875783746718,164.0,0.3999999762,0.1300829947,0.1646063472262952,4,True,371.2060689352096,90.65063166854242,2.667020143666603,175.0,1.0,0.0,-0.0754546673607006,4,False,372.21392564603286,138.89486747518885,2.530367048238807,173.0,0.5218500026628194,0.0,-0.017415601598993,4,True,344.1612926965512,244.99580357133303,2.267603271908476,219.0,0.0,1.0,0.0209822876560012,6,False
305F36F004DA2DA3E0631218000A5FD8,1,376.2004027176281,191.26674388224797,2.3140042961157974,120.0,0.4301704377666192,0.0,0.2176179122177466,3,False,368.49418768344594,89.99054503328641,2.7320290823369158,197.0,1.0,0.0,-0.0990338885455012,5,False,369.94551106020896,139.6605964758758,2.563056997161304,163.0,1.0,0.0,-0.0507716311569783,4,False,343.9239235268708,244.75091906032847,2.2682591362891866,222.0,0.0,1.0,0.0460272282319738,6,False
305F36F004DA2DA3E0631218000A5FD8,2,376.23507656699394,191.25432150441588,2.3072136030779884,175.0,0.4830476874112211,0.0,0.2011639774839066,5,False,371.2411770317488,90.65929984602032,2.667172240901036,171.0,1.0,0.0,-0.0914566720045658,4,False,374.1134074818056,138.1172896929407,2.530958185778616,190.0,0.6473140355969008,0.3526859644030991,0.0114204251627066,5,True,344.4909182526432,245.33699278726112,2.2730663000920472,179.0,0.2873158992270548,0.0,0.0644629859350046,5,False
305F36F0081D2DA3E0631218000A5FD8,1,371.8394328003525,191.2877561386318,2.2009336258861287,131.0,0.1139795302468779,0.1297312722111718,0.1337856910440922,3,True,370.2166815942791,90.4084145701216,2.6876234087462065,177.0,1.0,0.0,-0.1535284518277526,4,False,370.4960824980191,139.55016720423555,2.55716874231554,146.0,0.7528764295095027,0.0,-0.1058708608272829,3,False,343.48022282160036,244.29232567200413,2.269614231095377,225.0,0.0,1.0,0.0233973077307601,6,False
305F36F0081D2DA3E0631218000A5FD8,2,374.5794456472116,191.53912802520023,2.286023729454875,159.0,0.0,0.8329842410294438,0.1489932953960546,4,True,368.5729885090147,90.00934393917531,2.733701560735108,174.0,0.9692798621149094,0.0,-0.1033719134922899,4,False,370.5060022116976,139.54741680162752,2.557307179549249,146.0,0.4505341386502048,0.0,-0.0679424995127901,4,False,344.20565576685016,245.04222278330852,2.2576138111719626,254.0,0.0,0.9558247924,0.0483102227885856,7,False
305F36F8950D323FE0631218000AEAD4,1,376.6530032687498,191.27426176458604,2.3080226372425106,140.0,0.1877707827178349,0.8675638791827983,0.5653559436943141,4,False,369.60251422183705,90.26019249137846,2.701357543309248,191.0,1.0,0.0,-0.038577564541899,5,False,369.49103886169047,139.75284376821088,2.574379800256132,161.0,1.0,0.0,-0.0237421405827854,4,False,343.53342578268945,244.3473223033588,2.260388187001917,255.0,0.0,1.0,0.2293041745852548,7,False
305F36F8950D323FE0631218000AEAD4,2,373.9875824623723,191.4874691077112,2.272595980811201,148.0,0.0159281309444132,1.0,0.3524789756175753,4,True,368.9414105488699,90.09961107105656,2.722252988780112,186.0,1.0,0.0,-0.1633717871094746,5,False,369.6919982756241,139.71228645247976,2.5705491854925304,159.0,1.0,0.0,-0.1525621552122954,4,False,343.4609084074924,244.27266401513785,2.2639006389946705,249.0,0.0,1.0,0.0543857978676134,7,False
305F373D8FFD3633E0631218000A9D2D,1,375.15685945072704,191.68296797702357,2.2837375569583673,141.0,0.2450174547380484,0.1298670258604156,0.1441088706288393,4,True,365.4781683283458,89.25567529991443,2.834604945588469,190.0,0.7528216643519035,0.0,-0.168599620268053,5,False,371.31316549130474,139.32306880486632,2.5572994656378087,162.0,0.9190668370090792,0.0,-0.0091799484679019,4,True,343.3478871655901,244.1555381597944,2.2709517728280586,224.0,0.0,0.9776066913234444,0.0453609849748703,6,False
305F373D8FFD3633E0631218000A9D2D,2,371.9722083773573,191.30012230181296,2.2040594991196074,131.0,0.2219494883266376,0.1296862879579782,0.116791290794353,3,True,368.6251220644115,90.0225170205051,2.732300501087944,179.0,0.5493204502839668,0.0,-0.0955550175259677,4,False,370.3701825456061,139.57502717357437,2.554790424359019,157.0,1.0,0.0,-0.013444396506394,4,False,344.1649047017669,244.99976427120444,2.275759321959552,181.0,0.0,1.0,0.0867217157577382,5,False
305F375278B1366AE0631218000A2C7A,1,376.26386993933346,191.27154679434489,2.311356491612368,148.0,0.4026446228013224,0.0,0.3013510365918685,4,False,369.4943008492696,90.23426343527741,2.701626620377623,204.0,1.0,0.0,-0.0994023251087817,5,False,367.9799744782187,140.05877276127515,2.6015078143965367,172.0,1.0,0.0,-0.0070987955549461,4,False,344.2712388000936,245.10991180815745,2.264608625718638,231.0,0.0,1.0,0.0219711515227884,6,False
305F375278B1366AE0631218000A2C7A,2,377.1151291710624,191.2807241600578,2.3034173140136778,174.0,1.0,0.0,0.3127848404764085,5,False,369.25612195375294,90.17579891898497,2.710163032087087,201.0,1.0,0.0,-0.1086659206447741,5,False,369.8011448381122,139.68966258793796,2.564754156604089,173.0,1.0,0.0,-0.1263801624773757,4,False,344.17767106431717,245.01300332292655,2.2600503987100664,249.0,0.0,1.0,0.0297987549463735,7,False
305F375278B1366AE0631218000A2C7A,4,373.68540796324703,191.4593621559438,2.262446810149424,134.0,0.3999999762,0.1300184323519643,0.3087489347846516,4,True,366.94546839922737,89.61353710573508,2.783025644455023,198.0,1.0,0.0,-0.0767222654305565,5,False,366.98462745203966,140.26002315277276,2.624410100883576,164.0,1.0,0.0,-0.0533447568804573,4,False,343.24100474482987,244.0448015865061,2.271161024912733,226.0,0.0,1.0,0.1056307048338509,6,False
305F383172E13CD9E0631218000A4E13,1,380.5930023488975,191.49612726925156,2.409284889782751,153.0,0.4145151954601557,0.0,0.6758746010881198,4,False,370.0065318920182,90.35885023681719,2.6957216352211093,147.0,1.0,0.0,-0.0714389687809929,4,False,373.3477597549492,138.4282255810814,2.5446811718527655,140.0,1.0,0.0,-0.3087748871628973,4,True,343.39858362225885,244.2079388408557,2.2621782871704887,255.0,0.0,0.8810222882182378,0.0439730846273123,7,False
305F383172E13CD9E0631218000A4E13,2,380.3282800760828,191.50424127444765,2.40059451243683,157.0,0.0,0.0,0.6047646154927748,4,False,371.878109661696,90.81395641901857,2.6576793038875985,161.0,1.0,0.0,-0.0642878824172145,4,True,372.3060741925348,138.8562670008432,2.545205149411577,149.0,1.0,0.0,-0.2982127362156874,4,True,344.279902650975,245.11905644634055,2.2563453770797857,261.0,0.0,1.0,0.0220586915567603,7,False
305F38324E7B3CD7E0631218000A2CC2,1,375.4844059855012,191.70255618377968,2.294476263564154,141.0,0.3999999762,0.1295503775205908,0.1590575985137097,3,False,367.8033379522236,89.82263299158745,2.754888371340576,194.0,1.0,0.0,-0.1216282638800681,5,False,368.88016398510894,139.8760262410034,2.58662011764799,166.0,1.0,0.0,-0.0642482752119513,4,False,344.31615822138883,245.15635122732448,2.277337995972205,167.0,0.0,1.0,0.0494888613077611,4,False
305F38324E7B3CD7E0631218000A2CC2,2,376.78202855082185,191.2923390677909,2.3035604578722007,166.0,0.0,1.0,0.2849613996217592,4,False,369.40304906572544,90.21110539177332,2.7020211392441134,207.0,1.0,0.0,-0.0768538605077563,5,False,370.088255971072,139.6312304663098,2.559406129927295,181.0,1.0,0.0,-0.1304257250221821,4,False,344.3997177202974,245.24281830185848,2.2551409962431728,261.0,0.0,1.0,0.0994232301442399,7,False
306846828689AEA2E0631218000A2ACF,1,382.1993134582201,191.6148809298852,2.457237579428561,108.0,0.0,1.0,0.4991542415379639,3,False,368.49993294327805,89.9919008906434,2.732765784312068,179.0,1.0,0.0,-0.0781622724021088,4,False,366.576936265404,140.34247716783307,2.636882005037149,131.0,1.0,0.0,-0.0713906628124879,3,False,344.55962894903,245.407966860945,2.260861964285682,238.0,0.0,0.7067126121591077,0.002001268620385,6,False
306846828689AEA2E0631218000A2ACF,2,379.4763208590864,191.45509432123447,2.3798179496485306,130.0,0.0,0.4379049103901902,0.4034076619097858,3,False,369.91523362231896,90.33608298576848,2.690895291921113,188.0,1.0,0.0,-0.0607772969983039,4,False,367.43970007534006,140.16803100919105,2.616770294417867,150.0,0.8898755165988149,0.0,-0.0823117539788514,3,False,344.8944059036865,245.75424105057024,2.256525239058268,247.0,0.0,0.933559315085773,0.0150592621492208,6,False
306846828689AEA2E0631218000A2ACF,3,377.8190675168808,191.3561892893304,2.33377587270663,114.0,0.0,1.0,0.5176055632285602,3,False,369.3738875939103,90.20481951102477,2.711962474770496,181.0,1.0,0.0,-0.0875913369214845,4,False,367.4189219755212,140.17257816090117,2.616524300827059,140.0,1.0,0.0,-0.0405812669270588,3,False,344.15624307704445,244.9908970020176,2.262604816050463,239.0,0.0,1.0,-0.001465619574537,6,False
30684C63CA0F1572E0631218000A2DB6,1,379.5464444101101,191.44269232537263,2.379577529123063,140.0,0.0,0.8758325802614078,0.3862682337184381,4,False,368.0844499860708,89.89019111778875,2.7476646098862467,188.0,1.0,0.0,-0.081162333864035,5,False,369.6258469452413,139.7254871026567,2.5709918639783593,150.0,1.0,0.0,-0.0384879976890624,3,False,344.48289262429466,245.32864537370384,2.2601107478764875,245.0,0.0,0.865321671805838,0.0201643678160445,6,False
30684C63CA0F1572E0631218000A2DB6,2,373.1056406508081,191.40623487948884,2.2249488242326843,167.0,0.0,1.0,0.3141663170735918,4,True,369.9438571212634,90.34213055850272,2.691324521838508,197.0,1.0,0.0,-0.1263324273710732,5,False,370.70491923765366,139.50766394227423,2.550815159147176,164.0,1.0,0.0,-0.0514691323200731,4,False,344.32412338255693,245.16473381337775,2.256104464740313,258.0,0.0,1.0,0.2035707741458526,7,False
30684C63CA0F1572E0631218000A2DB6,3,378.109116493095,191.34067489916924,2.3346462856708943,159.0,0.0,0.9820372399631608,0.5174004677077615,4,False,367.502396308286,89.74867092123645,2.7643246339205008,195.0,1.0,0.0,-0.0868070234297106,5,False,368.1544618411124,140.02239262104223,2.6013134779190876,161.0,1.0,0.0,-0.1193569082592716,4,False,344.4328229342344,245.2765379727205,2.25353494927206,264.0,0.0,1.0,0.0206372620493291,7,False
3068597242C9C2E3E0631218000A2B84,2,373.17372125661745,191.4126299853233,2.2436450467812454,114.0,0.9715991275146298,0.0,0.2403358096717455,3,True,371.4434594839987,90.70752910254976,2.661912761115812,173.0,1.0,0.0,-0.052235818456961,4,False,370.98184183246383,139.45181824512468,2.5554835478823814,136.0,1.0,0.0,0.0569345575446869,3,True,342.16526973599485,242.93306980354976,2.2834628333530684,197.0,0.0,0.9279531713205392,0.0349170506909187,5,False
30685A08C702C869E0631218000A3777,1,376.2865866297814,191.2519069655772,2.3135515151267594,139.0,0.2602383118107779,0.0,0.2503829628473747,4,False,370.14553768149887,90.39243627126024,2.6927022276370987,158.0,0.6559706183107805,0.0,-0.0550528621709866,4,False,369.6173412413262,139.7274231119775,2.577627192418257,139.0,0.3981946955706539,0.0,-0.0413042356456579,4,False,344.29205032263644,245.13141058743156,2.276230497498289,175.0,0.0,0.7083230091889899,0.0516502695478302,4,False
30685A08C702C869E0631218000A3777,2,374.2529708628191,191.51255180159325,2.2811169296411853,153.0,0.2770248288127776,0.1300829947,0.1786913331036934,4,True,370.02808718191534,90.36281224650104,2.684308310507028,202.0,1.0,0.0,-0.0889452003636546,5,False,369.5247773658736,139.74634293080595,2.5720176807283854,170.0,1.0,0.0,-0.0313704536632677,4,False,344.7890963432836,245.64500114465608,2.2683593607986428,205.0,0.0,0.9608335769081016,0.0828853382351229,5,False
3068819AA4BBE404E0631218000A017E,1,381.3937679817058,191.55172327622907,2.428497901809157,168.0,0.0,0.2343961336584682,1.0,4,False,376.98747205337975,91.64977086576364,2.5797246183490494,76.0,0.4482032359,0.0,-0.5941309005253457,2,True,381.85667437876106,136.74971394061953,2.578943218057916,102.0,0.2891620006165494,0.0,0.0111578021509418,3,True,343.9408600054876,244.76845232768707,2.257417913508736,262.0,0.0,0.6150241356845267,0.2754424490910016,7,False
3068819AA4BBE404E0631218000A017E,2,373.3680499840252,191.4293243474648,2.2364230063560986,170.0,0.0,0.1917334632126411,0.3652392401282274,4,True,373.1526690694884,90.7944497813123,2.6465212601737282,147.0,0.48564596754102,0.0,-0.0457063605716978,4,True,370.330922171736,139.5832604834419,2.565032893935569,141.0,0.122224763,0.0,-0.1775984788626463,4,False,342.7363909820668,243.52356412520717,2.2686758290608378,245.0,0.0,0.54940774279252,-0.0219081560693911,7,False
3068819AAD32E404E0631218000A017E,1,377.45443493554495,191.3400036668538,2.3108348280751505,171.0,0.9062697652188042,0.0,0.447044249708673,4,False,369.83494645422974,90.3170470345811,2.692212437283078,201.0,1.0,0.0,-0.0168121933333279,5,False,369.46733521824314,139.7578501751821,2.5717600371552356,179.0,1.0,0.0,-0.3014005876445832,4,False,344.1385902102228,244.97278695774273,2.258030298362885,256.0,0.0,1.0,0.0262433673546977,7,False
3068819AAD32E404E0631218000A017E,2,377.3514428171389,191.28058956313367,2.307633815163163,180.0,0.7886015177,0.0,0.2285767854348238,5,False,369.4475157886319,90.22217752193949,2.7034283695320647,200.0,1.0,0.0,-0.1104191870496672,5,False,371.1441231648745,139.41751042341897,2.5625950975852434,185.0,0.8136214912753224,0.0,-0.1792849311335959,5,True,344.3187805220606,245.15892400598,2.2624878836733777,237.0,0.0,0.9786671518839816,0.0215403870536277,6,False
3068C4A99FD74FD8E0631218000A9C50,1,376.1163864636597,191.26995474088767,2.3038168674936914,162.0,0.4422431161614442,0.1239614484790999,0.2168620743632306,4,False,369.6813932148325,90.2785795047833,2.695022932898582,213.0,1.0,0.0,-0.1095929350793488,5,False,369.63383138271575,139.72389810197785,2.569619196226623,187.0,1.0,0.0,-0.1427240670860979,5,False,344.8943230648851,245.7539148598044,2.257697965646823,245.0,0.0,1.0,0.0312797874114735,6,False
3068C4A99FD74FD8E0631218000A9C50,2,375.82278481356013,191.7381497364928,2.2949671916082006,166.0,0.3999999762,0.1302667308730226,0.2598082295593771,4,False,369.18227952116183,90.15804118755277,2.708516184911818,212.0,1.0,0.0,-0.0933729772485466,5,False,369.3958804482047,139.77239468224107,2.571037367735678,186.0,1.0,0.0,-0.0755492859828486,4,False,344.37108242994503,245.2129156824936,2.26015018316758,246.0,0.0,1.0,0.0524411796663474,7,False
3068C4A9AD464FD8E0631218000A9C50,1,373.34087027328405,191.42669687060527,2.2449934247294143,122.0,0.0,0.7977893630507596,0.2805269001344591,3,True,368.83061040159623,90.07165222697779,2.725240073072208,175.0,1.0,0.0,-0.116411706938069,4,False,368.4771624520324,139.95814469522765,2.5976109270951317,131.0,1.0,0.0,0.0276916129819875,3,False,342.1774711192656,242.94587462354016,2.273523317040534,229.0,0.0,1.0,0.0420501362990866,6,False
3068C4A9AD464FD8E0631218000A9C50,2,378.04270723978505,191.34927095746127,2.327883974656955,173.0,1.0,0.0,0.3875715355036188,5,False,370.0389649922152,90.36637899781763,2.6866067191011767,202.0,1.0,0.0,-0.1439872242024703,5,False,370.31006483161286,139.58686713076912,2.555363101940321,179.0,1.0,0.0,-0.3351981941311823,5,False,343.84101970098294,244.66528013027929,2.2664497063885887,233.0,0.0,0.9828222294951477,0.0428358211553818,6,False
3068C4FE4A9F5081E0631218000AA852,1,376.59802671278413,191.8079711915152,2.298917144086969,167.0,0.8937851762163432,0.0,0.2952234937438112,4,False,369.1951113648856,90.159731783606,2.7091721313639208,206.0,1.0,0.0,-0.0759006107981175,5,False,371.5853042499151,139.15553875343664,2.5480611544547225,183.0,1.0,0.0,0.025195249208274,4,True,343.97950588668175,244.80834372032328,2.258106380022781,260.0,0.0,0.8929010226853838,0.0272694982912147,7,False
3068C4FE4A9F5081E0631218000AA852,2,375.1512029641818,191.70958687211856,2.2828545075156295,163.0,0.0,0.9373576291082024,0.2455529556682454,4,True,369.410097261093,90.21313969221264,2.702796979209043,200.0,1.0,0.0,-0.0727492926988076,5,False,370.38744479791006,139.57165701177215,2.5542874170044305,168.0,1.0,0.0,-0.0641476018436708,4,False,344.1571672901076,244.99177959271512,2.256752082175068,260.0,0.0,1.0,0.0399739677755031,7,False
3068C4FE4A9F5081E0631218000AA852,3,375.6437463609631,191.68413315056404,2.289739368862776,173.0,0.0,1.0,0.3893212527854889,4,False,368.5319285764471,89.99940727431928,2.731716679927691,188.0,1.0,0.0,-0.0958192088886553,5,False,370.6193474663618,139.52448436235827,2.554056978581277,151.0,1.0,0.0,0.0135279789223972,4,False,343.6560647471238,244.47455307615627,2.2563089571609067,270.0,0.0,0.7489339545927286,0.073001400678577,7,False
3068C60D09A25A2BE0631218000A7F80,1,372.95537982609466,191.3922625336833,2.2242427055071574,161.0,0.3538583871688007,0.1300829947,0.0972789256185222,4,True,370.04335519596856,90.3676700032405,2.6832523931927,201.0,1.0,0.0,-0.0499419710310058,5,False,368.35763195287274,139.98220251105317,2.5957884696187934,173.0,0.9301136732,0.0,-0.0883775800667303,4,False,344.79335646711263,245.64955796309565,2.2645095175315237,222.0,0.0,1.0,0.0524212661483315,6,False
3068C60D09A25A2BE0631218000A7F80,2,374.03325060189223,191.49462211080183,2.2707337359236575,166.0,0.3999999762,0.1300829947,0.2127524957849839,4,True,369.4102653228925,90.2124811442717,2.701868676786905,212.0,1.0,0.0,-0.1041695413798439,5,False,368.4532591528357,139.9628616274941,2.592250686619813,186.0,1.0,0.0,-0.1188864605461303,4,False,344.68149274566645,245.53382094967304,2.264990580811716,219.0,0.0,0.0,0.0450978130850192,6,False
3068C60D09A25A2BE0631218000A7F80,3,372.58260140625094,191.35744284890848,2.2106376877488962,163.0,0.3999999762,0.1300829947,0.1449755277005785,4,True,370.06066757035006,90.37122611488854,2.6819392928030688,206.0,1.0,0.0,-0.1016040154047665,5,False,368.52151076234657,139.9490856084363,2.5907268466071427,179.0,1.0,0.0,-0.1584968678242481,4,False,344.5270892622348,245.37437808971416,2.2637071169521454,229.0,0.0,0.9087399165070816,0.1097516327218884,6,False
3068C60D09A25A2BE0631218000A7F80,4,372.2042404254355,191.32413622103317,2.202777255752415,159.0,0.3999999762,0.1300829947,0.1319638419197127,4,True,369.7741730541569,90.30069778566518,2.689690946647008,210.0,1.0,0.0,-0.0770540121629021,5,False,368.48192318817144,139.95741800842606,2.591548760700188,181.0,1.0,0.0,-0.04568663313819,4,False,344.75202111211246,245.6067941232187,2.2668727682133687,212.0,0.0,1.0,0.0734775716970069,6,False
3068C60D09A25A2BE0631218000A7F80,5,374.9158976693948,191.6003276010944,2.2864467562188766,175.0,0.3999999762,0.1328801256352808,0.271275021261573,5,True,369.3077505912235,90.18788256651565,2.7029747710601515,215.0,1.0,0.0,-0.0971147990055485,5,False,368.5520440852749,139.9431392094148,2.5874512430719276,193.0,1.0,0.0,-0.1571708011689245,5,False,344.7592977340917,245.61466967368224,2.2642655533123968,223.0,0.0,0.9715852840194532,0.04775759386904,6,False
3068C60D09A25A2BE0631218000A7F80,6,376.08059858745463,191.76298536589024,2.302309767663628,167.0,0.3761354163203753,0.0855595032164432,0.3121026784590705,4,False,369.29424476989874,90.18461736615815,2.706646902223696,210.0,1.0,0.0,-0.0837090294188667,5,False,368.6525783953269,139.92213075583865,2.5868981578108534,187.0,1.0,0.0,-0.1365390397237337,4,False,344.5868729997065,245.43607494668376,2.265551168373847,222.0,0.0,0.2307690025186986,0.0437180320397346,6,False
3068C60D09A25A2BE0631218000A7F80,7,373.71951353596273,191.4612454347196,2.254321121160995,160.0,0.3999999762,0.1300829947,0.1403219338470901,4,True,370.54337843407166,90.48835254678436,2.6733860384711594,199.0,1.0,0.0,-0.1437281053609164,5,False,371.01175745974047,139.44486325342532,2.553573669862509,174.0,1.0,0.0,-0.1193697459262357,4,True,344.4459963883716,245.29132145325795,2.2701337281969654,201.0,0.0,1.0,0.087081723341931,5,False
3068C60D09A25A2BE0631218000A7F80,8,377.28049966625775,191.2939301800629,2.3062452957619133,182.0,0.7253247169164673,0.0,0.3375542187172493,4,False,368.0730930777125,89.8894145123872,2.7464765240013236,186.0,1.0,0.0,-0.1301492400043382,5,False,370.5209351598576,139.54557577611243,2.5558728604690715,160.0,0.7636486681236317,0.0,-0.0902625964150912,4,False,344.5556569369356,245.402501052292,2.274773390787972,179.0,0.0,0.6374536143908018,0.0281489222278301,5,False
3068C60D09A25A2BE0631218000A7F80,9,375.7539311623421,191.7745975416588,2.293815399642857,180.0,0.3371302731110204,0.1300829947,0.1594367737763265,5,False,367.7543087521112,89.8100260436444,2.7520718206571426,213.0,1.0,0.0,-0.1194241330339768,5,False,369.05570005539806,139.84030198056564,2.5777151912826146,194.0,1.0,0.0,-0.1724974650435326,5,False,344.703862880316,245.5576275668141,2.269115437676152,205.0,0.0,0.9863355826829268,0.0395393900607046,5,False
3068C60D09A25A2BE0631218000A7F80,10,377.57860311926606,191.30601176190328,2.318623461124844,169.0,0.2607807986257261,0.0,0.5131293013506742,4,False,368.257696838362,89.930913848886,2.735747807027,206.0,1.0,0.0,-0.091050122235,5,False,369.46495323289855,139.75952042029405,2.5723559187698073,181.0,1.0,0.0,-0.141338097711721,4,False,343.6910832192989,244.51204376557067,2.2600056159380353,256.0,0.0,0.9239861247787048,0.0078783222412733,7,False
3068C60D09A25A2BE0631218000A7F80,11,375.572222569374,191.73541872876393,2.292152468447329,174.0,0.0761421312691865,0.1318386328189811,0.2195493115669679,5,False,368.07388131954696,89.88796322959988,2.7428197552112548,212.0,1.0,0.0,-0.1165765493099611,5,False,369.33498463451326,139.7841323153249,2.5739050208823784,187.0,1.0,0.0,-0.073777078182808,5,False,344.4769901318746,245.32201864867977,2.2661195946499366,222.0,0.0,0.9236034344606826,0.0345569713742098,6,False
3068C63CFF225A82E0631218000A28B2,1,369.09413935056415,191.5055099088616,2.2194959511079095,153.0,0.3999999762,0.1300829947,0.1557851368882362,4,True,369.59239116810346,90.25810789965648,2.699816931282244,200.0,1.0,0.0,-0.0712598875943319,5,False,365.52352951846575,140.55571166191285,2.656617094035819,169.0,1.0,0.0,-0.1248996521089135,4,False,343.4453257868653,244.25627880862007,2.2734911026242566,209.0,0.0,1.0,0.0357814213572601,5,False
3068C63CFF225A82E0631218000A28B2,2,375.35463718640005,191.7000700004901,2.284286036710392,182.0,0.3999999762,0.1300829947,0.3673406377577993,5,False,368.76256299624646,90.05626374165305,2.722580439488006,203.0,1.0,0.0,-0.0973629220850123,5,False,368.5213496327581,139.9488113209606,2.5914359528989306,181.0,1.0,0.0,-0.2214417718267697,5,False,344.58820712176725,245.43767115905385,2.254029052925296,259.0,0.0,0.7440167652988064,0.067397668021656,7,False
3068D5C94E5B16B3E0631218000A2F89,1,378.30828253963233,191.35487026684083,2.341118214687541,159.0,0.6226648352899307,0.0,0.7852717686046939,4,False,364.74782281320154,89.07893251783437,2.8682408709664053,167.0,0.2108050783640931,0.0,-0.332384898843285,4,False,371.5612061754518,139.16507114319927,2.5491009139343332,163.0,1.0,0.0,0.131360963230855,4,True,344.28097975474526,245.11996125356984,2.257404422623367,256.0,0.0,1.0,0.0349372214472533,7,False
3068D5C94E5B16B3E0631218000A2F89,2,377.2339115326433,191.29911122358683,2.3086567538210425,157.0,0.8395653364819538,0.0,0.971240791718254,4,False,371.60810280630415,90.74699257308137,2.656103784192706,194.0,1.0,0.0,-0.0968784939313571,5,True,370.1207959842654,139.625712555039,2.565917678223833,159.0,1.0,0.0,-0.0973185207456254,4,False,343.74527812937487,244.56614775554544,2.262338972422632,249.0,0.0,1.0,0.0159091324929255,7,False
3068D5C9518916B3E0631218000A2F89,1,380.6623826538963,191.49145084707212,2.409365611914701,151.0,0.1994420525641631,0.6709003721110375,0.2917646088087822,4,False,378.930944810886,92.0830986172136,2.555020550920309,85.0,0.5654993653,0.0,-1.0,2,True,396.7572387781568,132.46369823386692,2.57675082771646,107.0,0.51094836,0.0,1.0,3,True,337.73710073422467,238.35637883490708,2.2055502819140345,214.0,0.2102482810475859,0.4523501896364564,0.0952551140512901,6,False
3068D5C9518916B3E0631218000A2F89,2,378.64336886009306,191.36432361537425,2.351092065975517,140.0,0.3316503550135932,0.0,0.5718211986613793,4,False,367.4925925109562,89.74666111258246,2.783371552529428,84.0,0.4203555286,0.0,-0.9767186870670458,2,False,384.8265422581412,135.46728810034332,2.581140473728776,103.0,0.4807507396,0.0,1.0,3,True,339.1707407053546,239.83791811002104,2.269091170185465,184.0,0.2245365083,0.0,0.0527651761808722,4,False
3068D5FC22FA1B02E0631218000A053F,1,376.486276983419,191.28584371353793,2.3100899804178745,166.0,0.4597401870654104,0.0,0.3783047207547307,4,False,370.05423446057085,90.36968612528393,2.6898176479670948,189.0,1.0,0.0,-0.1430443280747389,5,False,368.8986729950928,139.87215909441468,2.5914885679090918,164.0,1.0,0.0,-0.4798623354949793,4,False,343.86508523249626,244.69011317580612,2.2581037172816623,259.0,0.0,1.0,0.0403260267901582,7,False
3068D5FC22FA1B02E0631218000A053F,2,373.8517056317652,191.47682188677172,2.264386736483927,172.0,0.0,1.0,0.441985353060729,4,True,366.885643843094,89.59955543902501,2.790883354864977,164.0,1.0,0.0,-0.0700239246821088,4,False,367.162698725981,140.2227719910179,2.628547818332712,126.0,1.0,0.0,-0.3626768791657341,3,False,344.5444990257843,245.39231438375768,2.2550873626179317,265.0,0.0,1.0,0.1976558592178054,7,False
3068D61B34A51C7DE0631218000A8C13,1,379.1543118126819,191.43879154008096,2.3698805716627698,125.0,0.0753837496000126,0.8566939073695137,0.6268852787359335,3,False,370.62663691208456,90.50930489166045,2.6717955600335075,188.0,1.0,0.0,0.0302041623588885,5,False,369.6417613539951,139.72234014887897,2.5726996293192412,157.0,1.0,0.0,-0.2544946004122287,4,False,344.27392080280083,245.11268527874472,2.259501227897241,248.0,0.0,1.0,0.0175441810602234,7,False
3068D61B34A51C7DE0631218000A8C13,2,376.47069588349433,191.7971723786881,2.299815692768737,172.0,0.8581961088830863,0.0,0.3747180912825381,4,False,369.4136282278085,90.2136851723147,2.7005467900565256,214.0,1.0,0.0,-0.0982203721363925,5,False,370.5842762026919,139.53202385564003,2.5472969699171526,192.0,1.0,0.0,0.0298170524121766,5,False,344.2574302211526,245.09575276701503,2.259854254109819,247.0,0.0,1.0,0.025362056030612,6,False
3068D6464F5F1D38E0631218000A1E75,1,375.93352431291754,191.73983113318357,2.305848182897385,143.0,0.0022929704588379,0.1488687823568273,0.2128053942373117,4,False,370.387788627182,90.4512503359692,2.6822389812961287,160.0,0.7749599218,0.0,-0.1085863135992578,4,False,370.2125708682785,139.60684492092977,2.5666016477571745,133.0,0.382717887020677,0.0,-0.0018404084971004,3,False,343.2976653222559,244.1036544193203,2.268958998802648,232.0,0.0,0.5477740169,0.0074383297205235,6,False
3068D6464F5F1D38E0631218000A1E75,2,375.5041715379997,191.74992327006015,2.2886570041914007,169.0,0.0,0.8552318811,0.3421331802655715,4,False,369.7270489032936,90.2906957343325,2.697953570313984,191.0,1.0,0.0,0.0194540638297007,5,False,368.8788202898936,139.87689589245235,2.588801939434844,160.0,1.0,0.0,-0.1081785258320276,4,False,344.2545242860406,245.09241077511948,2.254923635422774,262.0,0.0,0.788504718231676,0.0934606753234161,7,False
